snpid	chr	effect	ref	beta	SE	pval
Affx-15871198	1	G	G	-0.0001031471341721342	0.0031465246978678732	0.97385
rs1110052	1	T	G	-0.0027433526511591554	0.003436104620305485	0.42465
rs11240779	1	A	G	0.0013139660411158865	0.003698257872898967	0.72237
rs11260596	1	C	G	0.0008004778334785537	0.003096242469820301	0.7959999999999999
rs11579015	1	T	G	0.003921480491352584	0.004848501932084196	0.41863
rs12562034	1	G	G	-0.00144340468574138	0.004994929874974249	0.7726
rs13303065	1	T	G	-0.0010265193041105963	0.003237337449129551	0.75117
rs13303222	1	G	G	-0.0034225436557714433	0.004021740206671683	0.39476999999999995
rs2272757	1	A	G	-0.0012022023615010547	0.003238480227039723	0.7104699999999999
rs2298216	1	C	G	0.00722014702166137	0.0042973782386051965	0.09293
rs2340596	1	A	G	-0.0012837967042873429	0.003142486882585266	0.68289
rs2341354	1	G	G	0.0001975939191881581	0.003132125696199705	0.9497
rs2710890	1	A	G	0.005573480238297379	0.003203358852600433	0.08188200000000001
rs28469033	1	T	G	0.0008323232445753497	0.003655365608670506	0.8198799999999999
rs28591569	1	T	G	-0.007044616334658936	0.005120025963541088	0.16885999999999998
rs28670633	1	C	G	0.0055700519045668645	0.004538809118427556	0.21975
rs28869591	1	C	G	0.006182352308837078	0.004181272002931709	0.13925
rs3128109	1	C	G	-0.0042718561986113505	0.0036683170916524577	0.24420999999999998
rs3131962	1	G	G	-0.004441063514510834	0.004586120123908679	0.33286
rs3737727	1	G	G	0.003910052712250863	0.0046122516454546155	0.39657
rs3813193	1	G	G	0.004051376247142147	0.004284502940817257	0.34436
rs3829740	1	C	G	0.004245572306677393	0.0031042419151915057	0.17142000000000002
rs3934834	1	C	G	0.0035954840461774884	0.004398247435476387	0.41365
rs4040617	1	A	G	-0.004663448095830326	0.004621012942765936	0.31288
rs4072537	1	C	G	0.002400976389271593	0.0033001902341890164	0.4669100000000001
rs4075116	1	T	G	-0.0021601549910013245	0.003441970880244369	0.53027
rs4422948	1	A	G	0.003014114830675933	0.0036360145693915924	0.40713
rs4970349	1	T	G	0.002407833056732625	0.003112850842114803	0.43923
rs4970382	1	T	G	-6.679232144179909e-05	0.00314111554909306	0.9830399999999999
rs4970383	1	C	G	-0.0002379415979366345	0.0035720190064219533	0.94689
rs4970459	1	C	G	-0.0004317414944630213	0.0037150948007755023	0.90749
rs57181708	1	A	G	0.002335533307615737	0.005091151775010739	0.64642
rs6657440	1	T	G	-0.0013944937911860142	0.0031450771791816557	0.6574800000000001
rs6659460	1	C	G	0.00011145893883878601	0.004222259637309882	0.9789399999999999
rs6687776	1	C	G	0.004279779458788545	0.004227897341666732	0.31140999999999996
rs6696609	1	C	G	0.001948131596067393	0.0036548323123124257	0.59402
rs71628941	1	C	G	0.005688519881254704	0.0036935343908702546	0.12353
rs74047407	1	G	G	-0.0005731259775095143	0.0036538419047902775	0.87536
rs9442372	1	G	G	-0.0005402368292547608	0.0031115556938166077	0.86216
rs9442373	1	A	G	0.00282578503107957	0.003102108729759185	0.36235
rs9442394	1	A	G	-0.00014486614641281718	0.003122297806172225	0.96299
rs950122	1	G	G	0.0014787546157627035	0.003869979300200828	0.7023699999999999
rs9651273	1	G	G	0.003328531126361285	0.003456522252300561	0.33557
rs11260563	1	G	G	-0.003464674068059789	0.0038751598933936095	0.37128
rs1171	1	G	G	-0.002163507139537829	0.004843245153697404	0.65508
rs12142199	1	A	G	-0.003748844841722585	0.003786023216400185	0.32209
rs141100746	1	C	G	-0.00451580118983609	0.003951726013375139	0.25314000000000003
rs1695824	1	A	G	-0.005264930202550911	0.0037151709859695133	0.15644
rs2274791	1	G	G	-0.0010933337192586586	0.004987463725961124	0.8264799999999999
rs2275915	1	G	G	-0.0004907774013025122	0.0039428123456757965	0.90094
rs3766176	1	T	G	0.0016705889342835947	0.003619787123067148	0.6444300000000001
rs4634847	1	A	G	-0.0013139660411158865	0.004905412272010767	0.78881
rs6603782	1	C	G	-0.002264300151215009	0.0032756586017173217	0.4894
rs6657544	1	G	G	-0.008503791355560692	0.004705197582148614	0.070715
rs6671609	1	C	G	0.002803005658070139	0.0046157561643791435	0.54367
rs71628956	1	A	G	0.001055698233416991	0.004666114577620728	0.82101
rs72631898	1	C	G	-0.003871731559663092	0.004818256410061641	0.42166000000000003
rs72631899	1	C	G	-0.0016484952280202676	0.004842102375787232	0.73351
rs72894004	1	G	G	-0.0005071572180149791	0.0040138931316885005	0.89945
rs7290	1	T	G	-0.0031515529206726308	0.0034194962480109843	0.35672
rs7536568	1	A	G	-0.0009082798830047893	0.0047954008518582	0.84978
rs7538773	1	A	G	0.0026140663769216844	0.0031619902922522037	0.40839000000000003
rs78555129	1	A	G	-0.008951760296348156	0.0050698199206875285	0.07744
rs9439458	1	T	G	-0.00446765214722084	0.00456387404725733	0.32761999999999997
Affx-5751253	1	G	G	-0.004937714794271631	0.003110793841876493	0.11245
Affx-6162178	1	G	G	-0.004850406561934483	0.003081995838540156	0.11554
rs11492279	1	C	G	0.00020195933080501555	0.003170980145145557	0.9492200000000001
rs11523819	1	G	G	-0.001626096780980894	0.003080624505047949	0.5976100000000001
rs12041925	1	T	G	-0.0015000102848919052	0.0034620075862693864	0.66481
rs13302968	1	T	G	-0.00132706989448586	0.0043123105366314465	0.7582899999999999
rs13303035	1	C	G	-0.002864944220801468	0.0034079160985212398	0.40054
rs13303086	1	A	G	6.360625662823926e-05	0.0034182772849068012	0.98515
rs13303124	1	A	G	-0.0006437420338387491	0.003351234314176704	0.84767
rs13303156	1	A	G	-0.0041880524851987296	0.003502080998319422	0.23175
rs13303195	1	T	G	0.0012781589999304938	0.0030901476542993835	0.67914
rs16824526	1	A	G	-0.006178543049136504	0.004047643172635586	0.1269
rs16824588	1	T	G	-0.00224418725999598	0.003100432655490933	0.46917
rs16824603	1	A	G	-0.0014223775721942135	0.0035911414901188344	0.69204
rs199580948	1	G	G	-0.0023123730086362488	0.003547258818368225	0.51448
rs2072929	1	T	G	-0.0042166219329530345	0.0030758248378252267	0.17040999999999998
rs2490563	1	A	G	-0.003432981027351015	0.004127637626347632	0.40557
rs2748988	1	A	G	-0.004508792151987034	0.0030787198751976623	0.14306
rs2803292	1	C	G	-0.002666938901565648	0.003122831102530307	0.39311
rs2803309	1	G	G	0.0010561553445810597	0.004098687252623272	0.79665
rs28487995	1	G	G	0.0010989714236155077	0.0038861305613312608	0.7773399999999999
rs28548017	1	G	G	-0.003321826829288275	0.0041217713664087495	0.42028000000000004
rs28549710	1	G	G	-0.0023375903078540466	0.0034457039547509307	0.49751999999999996
rs28561741	1	A	G	-0.0020342208653003585	0.0035282887050593686	0.56424
rs28651716	1	T	G	-0.001527817880706093	0.0032579836367066604	0.6391100000000001
rs3128315	1	C	G	0.005097475146113692	0.003612397159248036	0.15822
rs3128319	1	C	G	0.0042738370136556495	0.0035883226379404103	0.23364000000000001
rs3128321	1	C	G	-0.0012023547318890774	0.004071032027197107	0.76773
rs35032062	1	A	G	-0.0015403122525239749	0.003261564340825199	0.63674
rs35269416	1	T	G	-0.00015934133327499716	0.0038897112654498	0.9673200000000001
rs3737623	1	T	G	0.0003759510768884192	0.003166104292728823	0.90548
rs3753332	1	A	G	-0.0009031754750060203	0.003294628715026179	0.78397
rs3820011	1	C	G	-0.002477161583283067	0.0034457039547509307	0.4722
rs3936009	1	T	G	-0.0027340580574897557	0.0034210199518912143	0.42418
rs4074198	1	G	G	0.001670665119477606	0.0030972328773424505	0.5896100000000001
rs4075469	1	C	G	0.0012363333284181946	0.003414391840012216	0.71727
rs4648611	1	G	G	0.0022609480026785037	0.0033945836895692325	0.50539
rs4648731	1	A	G	-0.00036654220542800217	0.003442580361796461	0.9152100000000001
rs4648751	1	C	G	-0.0009773798539731958	0.004271399087447282	0.81901
rs4648795	1	C	G	0.0018263876560370585	0.003144543882823576	0.56137
rs6603803	1	G	G	-0.003483796551756668	0.003081767282958121	0.25829
rs6604983	1	A	G	0.002994001939456904	0.00483836930128067	0.53605
rs6682175	1	C	G	-0.002578411706124315	0.003086643135374856	0.40352
rs72634815	1	C	G	0.0036360145693915924	0.0044580528127753935	0.41473000000000004
rs72634820	1	C	G	-0.0034327524717689805	0.00345134165910778	0.31993
rs72634902	1	T	G	-0.00224936785318876	0.003536288150430573	0.52472
rs7418389	1	C	G	0.0019543025967823226	0.0034117253582218138	0.56677
rs745910	1	T	G	-0.0042664470498365355	0.004109581735366913	0.29919
rs7518083	1	A	G	0.004066460915556419	0.0035417734843993993	0.25090999999999997
rs7532034	1	C	G	0.0016131452979989435	0.0038411051116704798	0.67452
rs7554569	1	C	G	0.0013778854188915128	0.003764386621300925	0.71434
rs76601697	1	G	G	-0.0012820444448250787	0.004941219313196159	0.79528
rs77787690	1	A	G	-0.002102939910298708	0.004923925274155555	0.66932
rs7796	1	C	G	0.005171070043528775	0.003076586689765341	0.092806
rs9442411	1	C	G	0.002034982717240473	0.003829829702956781	0.59518
rs10797422	1	G	G	-0.0004390552730881228	0.003966886866983423	0.9118700000000001
rs10910032	1	C	G	-0.008466460610495068	0.004733995585484951	0.07370499999999999
rs11576356	1	G	G	0.005769885668458958	0.0040229591697758665	0.15150999999999998
rs11577042	1	G	G	0.008508362467201378	0.005032184434845859	0.090865
rs11804135	1	G	G	0.0017670393899021203	0.004404342250997304	0.6882699999999999
rs12031614	1	C	G	-0.0005369989585092734	0.003189036036126276	0.8662799999999999
rs12410859	1	C	G	-0.0015740622934710571	0.003457055548658641	0.64888
rs12757417	1	T	G	-0.0004207479709671656	0.003411572987833791	0.90185
rs13303130	1	G	G	-0.006613408136553995	0.004587796198176932	0.14944000000000002
rs1472319	1	T	G	0.001318080041592506	0.0031938357033489987	0.67983
rs2036082	1	C	G	-0.002137756543961951	0.0035362119652365617	0.5454899999999999
rs2036084	1	A	G	-0.003023485609539344	0.0039421266789296935	0.44309
rs2132303	1	C	G	-0.00431261527740749	0.0043723444695124855	0.32397
rs2257182	1	T	G	-0.0016977870485456908	0.0031664852186988803	0.5918399999999999
rs2459998	1	A	G	-0.0013448210446905331	0.003147286549807989	0.6691600000000001
rs2460002	1	G	G	0.00375486347204949	0.003302171049233315	0.25551
rs2490557	1	T	G	-0.0014265677578648446	0.003359767055905989	0.6711199999999999
rs2494591	1	G	G	0.00012064687323656972	0.003334168830718134	0.9711299999999999
rs2494640	1	C	G	-6.595047504797229e-05	0.0031424106973912545	0.98326
rs2494641	1	C	G	-0.0019879002673413824	0.0032903623441615363	0.54575
rs2503712	1	T	G	-0.0013506111194354054	0.00315147673547862	0.66825
rs262688	1	T	G	-0.003734598210442439	0.003452941548182021	0.27944
rs263526	1	T	G	-0.00217440162228147	0.003168008922579111	0.49248000000000003
rs2643901	1	C	G	0.002863649072503273	0.004895432011595264	0.55858
rs2643908	1	T	G	0.0011902412860412528	0.0038036219962168335	0.75434
rs2645072	1	C	G	-0.0005183945341316714	0.003758367990974019	0.8903
rs2645074	1	A	G	0.00010577552336553008	0.003362128796920345	0.9749
rs2840535	1	G	G	-0.004289226422845968	0.003638223940017925	0.23842
rs2840536	1	C	G	0.0009048515492742727	0.0040285206889387045	0.8222799999999999
rs2843128	1	G	G	0.00032000067040639286	0.0030752915414671467	0.9171299999999999
rs2843149	1	A	G	7.346842999302451e-05	0.003126564177036868	0.98125
rs2843151	1	T	G	0.004410056140548165	0.003752882657005193	0.23995
rs28719902	1	C	G	-0.006434677671403078	0.003717151801013812	0.08343500000000001
rs3107137	1	G	G	-0.0020468676075062627	0.0030906047654634524	0.50778
rs34574702	1	C	G	0.00017207187919431442	0.0047899917030833844	0.97134
rs35273536	1	C	G	-0.003007715274378969	0.0048864421587019105	0.5382100000000001
rs35447812	1	C	G	-0.0007902690174810162	0.003691553575825957	0.8304799999999999
rs3736330	1	C	G	0.0016601515627040224	0.0033740898723801467	0.62269
rs3795269	1	C	G	-0.003795013069293537	0.003093347432447865	0.21989
rs425277	1	C	G	-0.0030603592434408967	0.003457360289434687	0.37606
rs4648631	1	T	G	0.001834387101408264	0.003444332621258725	0.59432
rs4648807	1	C	G	-0.0007930116844654295	0.003147438920196012	0.80108
rs4648832	1	G	G	0.0025065690681714955	0.0038907016729719493	0.51941
rs4648843	1	C	G	-0.002175239659415596	0.004218221822027274	0.6060800000000001
rs60363208	1	G	G	0.0034031164312985176	0.004070270175256993	0.4031
rs6686375	1	C	G	0.002984783530981515	0.0030960900994322785	0.33502
rs72642137	1	C	G	0.00473757628960349	0.003843314482296812	0.2177
rs72642191	1	G	G	0.00038458285936991904	0.004994548949004191	0.9386200000000001
rs72643475	1	G	G	0.00242771739236962	0.005021213766908207	0.62874
rs7517795	1	G	G	-0.002616885229100109	0.004985254355334791	0.59964
rs7527871	1	A	G	-0.0010088443390999344	0.00412596155207938	0.80684
rs75379543	1	C	G	0.00232639108433436	0.003578951859076999	0.51567
rs7545940	1	T	G	0.0005721584255455683	0.003211053557195593	0.8585799999999999
rs867308	1	G	G	7.089032302767624e-05	0.0032492223393953412	0.98259
rs878093	1	G	G	0.0015021434703242267	0.003987837795336578	0.70641
rs903903	1	A	G	0.00029826503455491945	0.0030800912086898693	0.92286
rs903915	1	A	G	0.002803767510010254	0.00421075567301415	0.50549
rs903921	1	G	G	4.686684580003825e-06	0.0031235929544704204	0.9988
rs942820	1	A	G	-0.0012670359616048187	0.003082986246062305	0.68109
rs10737194	1	T	G	0.0004850558932322506	0.003112622286532768	0.87616
rs10752731	1	C	G	0.0018675276608032536	0.0036101116034276907	0.6049399999999999
rs10797342	1	T	G	0.0006192484939640603	0.003085881283434741	0.84096
rs10797358	1	A	G	0.002429622022219907	0.00343427617564921	0.47928000000000004
rs10797377	1	G	G	-0.0071719979790461205	0.0047887727399792005	0.13422
rs10797440	1	A	G	0.005311936467255991	0.00322804285546015	0.099859
rs10909827	1	C	G	-0.0009833222991060908	0.004262028308583871	0.8175399999999999
rs10910097	1	C	G	-0.005834719268562723	0.003917747416846022	0.13641
rs12023273	1	T	G	-0.0083544683752982	0.004802105148931208	0.0819
rs12035436	1	G	G	0.0061445644526073855	0.0038426288155507093	0.10980999999999999
rs12044030	1	T	G	0.00297625078925223	0.003961249162626575	0.45243999999999995
rs12044475	1	G	G	0.0003718980245670087	0.003110565286294459	0.9048299999999999
rs12049628	1	G	G	-0.004046576579919425	0.0031693040708773053	0.20168
rs12409875	1	G	G	-0.000313182095542366	0.0030825291348982363	0.91907
rs12567869	1	G	G	0.0003868836522290656	0.003886663857689341	0.92071
rs12731464	1	A	G	-0.0007785364976032494	0.0032990474562788444	0.8134399999999999
rs12742224	1	A	G	-0.002470000175045988	0.0047756688866092255	0.60502
rs1572657	1	T	G	0.003323274347974493	0.003987533054560532	0.40462
rs17384422	1	G	G	-0.002672348050340461	0.0050683724020013105	0.59802
rs1869970	1	A	G	0.003847504667967443	0.00367311675887518	0.29488000000000003
rs1998759	1	G	G	-0.0006135879340490077	0.0034183534701008123	0.85755