,Block_G50-G59,Block_E00-E07,Block_M91-M94,Block_M80-M85,Block_C43-C44,Block_M15-M19,Block_N30-N39,Block_M65-M68,Block_D70-D77,Block_B95-B98,Block_K00-K14,Block_K80-K87,Block_C64-C68,Block_K90-K93,Block_J80-J84,Block_F20-F29,Block_F30-F39,Block_J90-J94,Block_F40-F48,Block_E65-E68,Block_G35-G37,Block_J95-J99,Block_E10-E14,Block_B35-B49,Block_C81-C96,Block_M60-M63,Block_K70-K77,Block_M95-M99,Block_D60-D64,Block_L60-L75,Block_C15-C26,Block_D65-D69,Block_I70-I79,Block_L20-L30,Block_L50-L54,Block_D37-D48,Block_M40-M43,Block_L55-L59,Block_A30-A49,Block_K20-K31,Block_E20-E35,Block_D50-D53,Block_M20-M25,Block_H65-H75,Block_M50-M54,Block_F10-F19,Block_K55-K64,Block_N00-N08,Block_F00-F09,Block_M45-M49,Block_G90-G99,Block_I80-I89,Block_J20-J22,Block_J40-J47,Block_K35-K38,Block_K50-K52,Block_K40-K46,Block_L40-L45,Block_I60-I69,Block_A00-A09,Block_I30-I52,Block_I10-I15,Block_H53-H54,Block_J30-J39,Block_G80-G83,Block_N10-N16,Block_I26-I28,Block_E50-E64,Block_I95-I99,Block_H80-H83,Block_C30-C39,Block_M86-M90,Block_H60-H62,Block_H10-H13,Block_H15-H22,Block_I05-I09,Block_H43-H45,Block_H90-H95,Block_H00-H06,Block_B25-B34,Block_G60-G64,Block_I20-I25,Block_L00-L08,Block_H40-H42,Block_G40-G47,Block_L80-L99,Block_H25-H28,Block_H55-H59,Block_N25-N29,Block_M70-M79,Block_D80-D89,Block_H49-H52,Block_J09-J18,Block_G20-G26,Block_G30-G32,Block_M05-M14,Block_N17-N19,Block_E70-E90,Block_D00-D09,Block_B00-B09,Block_H30-H36,Block_K65-K67,Block_N20-N23
Block_G50-G59,2.4424906541753444e-15,0.9096067086653243,1.0,0.907681020511587,1.0,0.8392600840669541,1.0,0.9877372132103007,1.0,1.0,1.0,0.997874504269944,1.0,0.8345287755888003,1.0,1.0,1.0,1.0,1.0,0.9983464861665937,0.990481321361481,1.0,0.8631415966809405,0.9482465092171395,0.864981841532337,1.0,1.0,1.0,0.8305715382362762,1.0,1.0,1.0,1.0,1.0,1.0,1.0,1.0,1.0,1.0,1.0,0.9829266882032658,0.8946677138245405,0.9958544214279428,1.0,1.0,1.0,0.9916576096774341,0.8740976839416585,1.0,1.0,1.0,0.9923051623593614,1.0,0.9480270651725615,1.0,1.0,0.9913164864119383,0.8681956551265512,1.0,1.0,1.0,1.0,1.0,1.0,1.0,1.0,1.0,0.9932348990850827,1.0,1.0,1.0,1.0,1.0,1.0,1.0,1.0,1.0,1.0,1.0,1.0,1.0,1.0,1.0,1.0,0.991169784286233,1.0,1.0,1.0,1.0,1.0,1.0,1.0,1.0,1.0,1.0,0.9840103898709726,0.9884385337396784,1.0,0.9625365675367322,1.0,0.981169953873686,1.0,1.0
Block_E00-E07,0.9096067086653243,4.884981308350689e-15,1.0,0.8817023041248755,0.8798502085732246,0.9415179222312219,0.9972403999871763,0.9973407828891073,1.0,1.0,0.984957196385924,0.9944689688781913,1.0,0.3151760477593596,1.0,1.0,1.0,1.0,0.9829430639782735,0.974900186654068,0.5932248117696263,1.0,0.674564287004232,0.791753251434328,0.8104306369709757,0.9845857131984566,0.9851507501704557,1.0,0.5488205048247567,0.9854471644717737,0.9906085097987546,0.9602004826159716,0.9950250603269964,0.9957812595947654,0.9900501206539929,1.0,1.0,0.9495075425060933,1.0,0.9927603993813402,0.9432299903816745,0.8521308283032442,0.9973030616133787,1.0,1.0,1.0,0.9615572843449725,0.9948808293094633,1.0,1.0,0.935373637913258,0.974414102426568,0.9834168677566548,0.6647890284765074,1.0,0.9932726537093494,0.8693168548996164,0.5997023110626414,1.0,1.0,1.0,0.8987846652466077,1.0,0.9219654562519812,1.0,1.0,1.0,0.9339836646573776,1.0,1.0,0.9875518404293724,1.0,0.9677587059890419,1.0,0.9874142875291003,1.0,0.9959379787666709,1.0,0.9942554344811785,1.0,0.9974309521997428,0.9879438447486151,0.9958506134764574,0.9991929582162056,0.9980851448270595,1.0,0.9938438262371441,1.0,1.0,0.9973920250156317,0.8993483716563383,1.0,0.984957196385924,1.0,1.0,0.733227803812193,0.9686608258040086,0.9994366990062004,0.8682744542906132,1.0,0.9897916391851375,1.0,1.0
Block_M91-M94,1.0,1.0,0.0,1.0,1.0,1.0,1.0,1.0,1.0,1.0,1.0,1.0,1.0,1.0,1.0,1.0,1.0,1.0,1.0,0.9459437522382664,1.0,1.0,1.0,1.0,1.0,1.0,1.0,1.0,1.0,1.0,1.0,1.0,1.0,1.0,1.0,1.0,1.0,1.0,1.0,1.0,1.0,1.0,1.0,1.0,1.0,1.0,1.0,1.0,1.0,1.0,1.0,1.0,1.0,1.0,1.0,1.0,1.0,1.0,1.0,1.0,1.0,1.0,1.0,1.0,1.0,1.0,1.0,1.0,1.0,1.0,1.0,1.0,1.0,1.0,1.0,1.0,1.0,1.0,0.9037749551350623,1.0,1.0,1.0,1.0,1.0,1.0,1.0,1.0,1.0,1.0,1.0,1.0,1.0,1.0,1.0,1.0,1.0,1.0,1.0,1.0,1.0,1.0,1.0,1.0
Block_M80-M85,0.907681020511587,0.8817023041248755,1.0,-4.440892098500626e-16,1.0,0.997626704082173,1.0,1.0,1.0,1.0,1.0,1.0,1.0,0.8953527737254061,1.0,0.9685146716963425,1.0,1.0,1.0,1.0,0.9983135010846729,1.0,0.8264994030027546,0.8191556696550091,0.6016341245412791,1.0,1.0,1.0,0.8134535510787541,1.0,1.0,1.0,1.0,0.7608719178504368,1.0,1.0,1.0,1.0,1.0,1.0,0.9924374687601824,0.8231969242381836,1.0,1.0,1.0,1.0,1.0,1.0,1.0,1.0,1.0,1.0,1.0,0.9236117025017682,1.0,1.0,0.9976922107358108,0.9990925074202927,1.0,1.0,1.0,0.9616846691566218,1.0,1.0,1.0,1.0,1.0,0.991010305273163,1.0,1.0,1.0,1.0,0.9905919587092956,1.0,1.0,1.0,1.0,1.0,1.0,1.0,1.0,1.0,1.0,1.0,1.0,1.0,1.0,1.0,0.9842573358481712,1.0,0.7078433612494461,1.0,1.0,1.0,1.0,0.9747685529962066,1.0,1.0,1.0,1.0,0.9937444995833484,1.0,1.0
Block_C43-C44,1.0,0.8798502085732246,1.0,1.0,-1.5543122344752192e-15,1.0,1.0,1.0,1.0,1.0,1.0,0.9985838307737542,0.987519485592517,0.8916242375494031,0.9646997745190896,1.0,1.0,1.0,1.0,1.0,0.8372199973514077,1.0,0.7992868112923008,1.0,0.9786536748537973,1.0,1.0,1.0,0.929042889759053,0.8039488377892449,1.0,1.0,1.0,1.0,1.0,1.0,1.0,0.8836468705435371,1.0,1.0,0.9962081475214262,0.998153144871441,1.0,1.0,1.0,1.0,0.8624309858839578,1.0,1.0,1.0,1.0,0.9606938091960818,1.0,0.6867705751899115,1.0,0.9948325761067119,1.0,0.9881695658712967,1.0,1.0,0.9933288844395004,0.9975985870732524,1.0,0.9595585111711799,0.9726565629190135,1.0,1.0,1.0,1.0,1.0,0.9936255283620409,1.0,1.0,1.0,1.0,1.0,1.0,1.0,1.0,1.0,1.0,0.9753050660134138,1.0,0.8908964219075176,1.0,0.8007213867947256,0.9837873362062332,1.0,1.0,1.0,1.0,1.0,1.0,1.0,1.0,0.8461899236361446,1.0,0.9982692640522943,0.978604832444315,1.0,0.8118095594656585,1.0,0.9837873362062332
Block_M15-M19,0.8392600840669541,0.9415179222312219,1.0,0.997626704082173,1.0,-1.7763568394002505e-15,1.0,0.968790610803382,1.0,1.0,1.0,0.9945905099213834,1.0,0.9864792267603308,1.0,1.0,0.9946020810364059,1.0,1.0,0.9242510827458822,0.9994616555466882,1.0,0.980649372377755,1.0,1.0,1.0,1.0,1.0,0.9778238106866818,1.0,1.0,1.0,1.0,1.0,1.0,0.9925088904170751,1.0,1.0,1.0,1.0,1.0,0.9506176167607698,0.7063388715207345,1.0,0.85361498905772,1.0,1.0,1.0,1.0,0.9932240364318188,1.0,0.9978240293005538,0.9740500351946159,0.9772863431691008,1.0,1.0,0.7524803953709993,0.9994206416710179,1.0,1.0,1.0,0.9671303386670688,1.0,1.0,1.0,1.0,1.0,0.9885216592808304,1.0,0.910106685004901,0.9675343497628217,1.0,1.0,1.0,1.0,1.0,1.0,0.9825922344044302,1.0,1.0,1.0,0.9952835085695703,1.0,1.0,1.0,1.0,0.9655948823398013,1.0,1.0,0.9863964462875948,1.0,0.941974114681434,1.0,1.0,1.0,0.9898264160060627,0.9068224346633875,1.0,0.9954597019559733,1.0,1.0,1.0,1.0
Block_N30-N39,1.0,0.9972403999871763,1.0,1.0,1.0,1.0,-4.440892098500626e-16,1.0,1.0,1.0,1.0,1.0,1.0,1.0,1.0,1.0,1.0,1.0,0.9603785574124837,1.0,0.9923283191036201,1.0,1.0,1.0,1.0,1.0,1.0,1.0,1.0,1.0,1.0,1.0,0.8613249509436927,1.0,1.0,1.0,1.0,1.0,1.0,1.0,1.0,1.0,0.9749411994483705,1.0,1.0,1.0,0.9873931773585175,1.0,1.0,1.0,1.0,0.984495658176349,1.0,0.9952399837587969,1.0,1.0,1.0,1.0,1.0,1.0,1.0,0.9836601404136198,1.0,1.0,1.0,1.0,1.0,1.0,1.0,1.0,1.0,1.0,1.0,1.0,1.0,1.0,1.0,1.0,1.0,1.0,1.0,1.0,1.0,1.0,1.0,1.0,1.0,1.0,1.0,1.0,1.0,1.0,1.0,1.0,0.913370383635158,0.9879184399669098,1.0,1.0,1.0,1.0,1.0,1.0,1.0
Block_M65-M68,0.9877372132103007,0.9973407828891073,1.0,1.0,1.0,0.968790610803382,1.0,0.0,1.0,1.0,1.0,0.9752387240879109,1.0,1.0,1.0,1.0,1.0,1.0,1.0,1.0,1.0,1.0,1.0,1.0,1.0,1.0,1.0,1.0,1.0,1.0,1.0,1.0,1.0,1.0,1.0,0.948565550012636,1.0,1.0,1.0,1.0,1.0,1.0,1.0,1.0,1.0,1.0,1.0,1.0,1.0,1.0,1.0,1.0,1.0,0.9724788014685171,1.0,1.0,1.0,1.0,1.0,1.0,1.0,0.9947515057738116,1.0,1.0,1.0,1.0,1.0,1.0,1.0,1.0,1.0,1.0,1.0,1.0,1.0,1.0,1.0,1.0,1.0,1.0,1.0,0.9892054201090483,1.0,1.0,1.0,1.0,1.0,1.0,1.0,1.0,1.0,1.0,1.0,1.0,1.0,1.0,1.0,1.0,1.0,1.0,1.0,1.0,1.0
Block_D70-D77,1.0,1.0,1.0,1.0,1.0,1.0,1.0,1.0,2.220446049250313e-16,1.0,1.0,1.0,1.0,1.0,1.0,1.0,1.0,1.0,1.0,1.0,1.0,1.0,1.0,1.0,1.0,1.0,1.0,1.0,1.0,1.0,1.0,1.0,1.0,1.0,1.0,1.0,1.0,1.0,1.0,1.0,1.0,1.0,1.0,1.0,1.0,1.0,1.0,0.5571925572299525,1.0,1.0,1.0,1.0,1.0,1.0,1.0,1.0,1.0,1.0,1.0,1.0,1.0,1.0,1.0,1.0,1.0,1.0,1.0,1.0,1.0,1.0,1.0,1.0,1.0,1.0,1.0,1.0,1.0,0.6535898384862247,1.0,1.0,1.0,1.0,1.0,1.0,1.0,1.0,1.0,1.0,1.0,1.0,1.0,1.0,1.0,1.0,1.0,1.0,0.9674699975683823,1.0,0.9849415349515791,1.0,1.0,1.0,1.0
Block_B95-B98,1.0,1.0,1.0,1.0,1.0,1.0,1.0,1.0,1.0,1.1102230246251565e-15,1.0,1.0,1.0,1.0,1.0,1.0,1.0,1.0,1.0,0.990616634629587,1.0,1.0,1.0,1.0,1.0,1.0,1.0,1.0,1.0,1.0,1.0,1.0,1.0,1.0,1.0,1.0,1.0,1.0,1.0,1.0,1.0,1.0,1.0,1.0,1.0,1.0,1.0,1.0,1.0,1.0,1.0,1.0,1.0,1.0,1.0,1.0,1.0,1.0,1.0,1.0,1.0,0.867053753770002,1.0,1.0,1.0,1.0,1.0,1.0,1.0,1.0,1.0,1.0,0.9799114149077423,1.0,1.0,1.0,1.0,1.0,1.0,1.0,1.0,1.0,1.0,1.0,0.9248353971997171,1.0,1.0,1.0,1.0,1.0,1.0,1.0,0.9753966084347439,1.0,1.0,1.0,1.0,1.0,1.0,1.0,1.0,1.0,1.0
Block_K00-K14,1.0,0.984957196385924,1.0,1.0,1.0,1.0,1.0,1.0,1.0,1.0,2.220446049250313e-16,1.0,1.0,1.0,1.0,1.0,1.0,1.0,1.0,1.0,1.0,1.0,1.0,1.0,1.0,1.0,1.0,1.0,1.0,1.0,1.0,1.0,1.0,1.0,1.0,1.0,1.0,1.0,1.0,1.0,1.0,1.0,1.0,1.0,1.0,1.0,1.0,1.0,1.0,1.0,1.0,1.0,1.0,1.0,1.0,1.0,1.0,1.0,1.0,1.0,1.0,1.0,1.0,1.0,1.0,1.0,1.0,1.0,1.0,1.0,1.0,1.0,1.0,1.0,1.0,1.0,1.0,1.0,0.7817821097640076,1.0,1.0,1.0,1.0,1.0,1.0,1.0,1.0,1.0,1.0,1.0,1.0,1.0,1.0,1.0,1.0,1.0,1.0,1.0,1.0,1.0,1.0,1.0,1.0
Block_K80-K87,0.997874504269944,0.9944689688781913,1.0,1.0,0.9985838307737542,0.9945905099213834,1.0,0.9752387240879109,1.0,1.0,1.0,1.6653345369377348e-15,1.0,0.9976336900716254,1.0,1.0,0.9935760024026774,0.9853510316172738,1.0,0.9666119023713102,0.9993593228246049,0.959779413118256,0.9992058984072325,0.9980647827316529,1.0,1.0,0.9604946701245505,1.0,0.9951126643081811,0.9947881309424373,1.0,1.0,1.0,1.0,1.0,0.9554246087366717,1.0,1.0,1.0,1.0,1.0,1.0,1.0,1.0,1.0,1.0,1.0,0.9761664443662315,1.0,1.0,1.0,0.989641615119187,1.0,0.9944347434127997,1.0,1.0,0.9964932134998713,0.9958630762649774,1.0,1.0,1.0,0.759835003560645,1.0,1.0,1.0,1.0,1.0,1.0,1.0,1.0,1.0,0.9447552806356638,1.0,1.0,1.0,1.0,1.0,1.0,1.0,1.0,1.0,1.0,1.0,1.0,1.0,1.0,1.0,1.0,1.0,0.7733480703691534,1.0,0.7997378923042815,1.0,1.0,1.0,0.9989910451358818,0.9941637112972436,0.7797027728877244,1.0,1.0,1.0,0.7728773868303562,1.0
Block_C64-C68,1.0,1.0,1.0,1.0,0.987519485592517,1.0,1.0,1.0,1.0,1.0,1.0,1.0,-2.220446049250313e-16,1.0,1.0,1.0,1.0,1.0,1.0,1.0,1.0,1.0,1.0,1.0,1.0,1.0,1.0,1.0,1.0,1.0,1.0,1.0,1.0,1.0,1.0,1.0,1.0,1.0,1.0,1.0,1.0,1.0,0.9262288886436683,1.0,1.0,1.0,1.0,1.0,1.0,1.0,1.0,1.0,1.0,1.0,1.0,0.7929803321972937,0.9845475743196147,1.0,1.0,1.0,1.0,1.0,1.0,1.0,1.0,1.0,1.0,1.0,1.0,1.0,1.0,1.0,1.0,1.0,1.0,1.0,1.0,1.0,1.0,1.0,1.0,1.0,1.0,1.0,1.0,1.0,1.0,1.0,1.0,1.0,1.0,1.0,1.0,1.0,1.0,1.0,1.0,1.0,1.0,1.0,1.0,1.0,1.0
Block_K90-K93,0.8345287755888003,0.3151760477593596,1.0,0.8953527737254061,0.8916242375494031,0.9864792267603308,1.0,1.0,1.0,1.0,1.0,0.9976336900716254,1.0,-1.1102230246251565e-15,0.9941016036444472,1.0,1.0,1.0,0.9751889318704368,0.9977909758300436,0.5320309635534923,1.0,0.6595448829988436,0.775080098758596,0.7977110965868874,0.9947243139162988,0.9847531095623667,1.0,0.5397565851836355,0.9850574613934843,1.0,0.9713942979212095,0.9948918389145017,1.0,1.0,1.0,1.0,0.9990029890448059,1.0,0.9993805444791712,0.9657861721581499,0.8870541213697731,0.9935386305259148,1.0,1.0,1.0,0.96981541176751,1.0,1.0,1.0,1.0,0.9663045234897797,0.9863782371053379,0.6181150299814719,1.0,1.0,0.8658173565491128,0.56343692978887,1.0,1.0,1.0,0.983147179016051,0.969196629655832,0.9333907322609319,1.0,1.0,1.0,0.9442663625527857,1.0,1.0,1.0,1.0,1.0,1.0,0.9870772610518298,1.0,0.9958292039388625,1.0,1.0,1.0,1.0,0.9921599660449436,1.0,1.0,1.0,1.0,0.9954849808213136,0.9980338678814824,1.0,0.9973221873625132,0.8857744482428522,1.0,0.9980692965872734,1.0,1.0,0.7596838088330821,0.9716830166133431,0.9982648439548537,0.8409139216680438,1.0,0.9895182746146298,1.0,1.0
Block_J80-J84,1.0,1.0,1.0,1.0,0.9646997745190896,1.0,1.0,1.0,1.0,1.0,1.0,1.0,1.0,0.9941016036444472,-2.220446049250313e-16,1.0,1.0,1.0,1.0,1.0,0.992015061359626,1.0,1.0,1.0,1.0,1.0,1.0,1.0,1.0,1.0,1.0,1.0,1.0,1.0,1.0,1.0,1.0,1.0,1.0,1.0,1.0,1.0,0.9739179734521349,1.0,1.0,1.0,1.0,1.0,1.0,1.0,1.0,1.0,1.0,1.0,1.0,1.0,1.0,1.0,1.0,1.0,1.0,1.0,1.0,1.0,1.0,1.0,1.0,1.0,1.0,1.0,1.0,1.0,1.0,1.0,1.0,1.0,1.0,1.0,1.0,1.0,1.0,1.0,1.0,1.0,1.0,1.0,1.0,1.0,1.0,1.0,1.0,1.0,1.0,1.0,1.0,0.9874251136293036,1.0,1.0,1.0,1.0,1.0,1.0,1.0
Block_F20-F29,1.0,1.0,1.0,0.9685146716963425,1.0,1.0,1.0,1.0,1.0,1.0,1.0,1.0,1.0,1.0,1.0,2.220446049250313e-16,1.0,1.0,1.0,1.0,1.0,1.0,1.0,0.8597766263003758,1.0,1.0,1.0,1.0,1.0,1.0,1.0,1.0,1.0,1.0,1.0,1.0,1.0,1.0,1.0,1.0,1.0,1.0,1.0,1.0,1.0,1.0,1.0,1.0,1.0,1.0,1.0,1.0,1.0,1.0,1.0,1.0,1.0,1.0,1.0,1.0,1.0,1.0,1.0,1.0,1.0,1.0,1.0,1.0,1.0,1.0,1.0,1.0,1.0,1.0,1.0,1.0,1.0,1.0,1.0,1.0,1.0,1.0,1.0,1.0,1.0,1.0,1.0,1.0,1.0,1.0,1.0,1.0,1.0,1.0,1.0,1.0,1.0,1.0,1.0,1.0,1.0,1.0,1.0
Block_F30-F39,1.0,1.0,1.0,1.0,1.0,0.9946020810364059,1.0,1.0,1.0,1.0,1.0,0.9935760024026774,1.0,1.0,1.0,1.0,-8.881784197001252e-16,0.6491767922771883,0.9801892787062418,1.0,1.0,1.0,1.0,1.0,1.0,1.0,1.0,1.0,1.0,1.0,1.0,0.8890599607549542,1.0,1.0,1.0,1.0,1.0,1.0,1.0,1.0,1.0,0.9916223339071438,1.0,1.0,1.0,1.0,1.0,1.0,1.0,1.0,1.0,1.0,1.0,1.0,1.0,1.0,0.9947510719840821,0.9938078879647566,1.0,1.0,1.0,0.9101307722749091,1.0,1.0,1.0,1.0,1.0,1.0,1.0,1.0,1.0,1.0,1.0,1.0,1.0,1.0,1.0,1.0,1.0,1.0,1.0,1.0,1.0,1.0,1.0,1.0,1.0,1.0,1.0,1.0,1.0,1.0,1.0,1.0,1.0,1.0,1.0,0.9842981426744668,1.0,1.0,1.0,1.0,1.0
Block_J90-J94,1.0,1.0,1.0,1.0,1.0,1.0,1.0,1.0,1.0,1.0,1.0,0.9853510316172738,1.0,1.0,1.0,1.0,0.6491767922771883,1.1102230246251565e-16,1.0,0.9886039423540363,1.0,1.0,1.0,1.0,1.0,1.0,1.0,1.0,1.0,1.0,1.0,1.0,1.0,1.0,1.0,1.0,1.0,1.0,1.0,1.0,1.0,1.0,1.0,1.0,1.0,1.0,1.0,1.0,1.0,1.0,1.0,1.0,1.0,1.0,1.0,1.0,1.0,1.0,1.0,1.0,1.0,1.0,1.0,1.0,1.0,1.0,1.0,1.0,1.0,1.0,1.0,1.0,1.0,1.0,1.0,1.0,1.0,1.0,1.0,1.0,1.0,1.0,1.0,1.0,1.0,1.0,1.0,1.0,1.0,1.0,1.0,1.0,1.0,1.0,1.0,1.0,1.0,0.9641942562980284,1.0,1.0,1.0,1.0,1.0
Block_F40-F48,1.0,0.9829430639782735,1.0,1.0,1.0,1.0,0.9603785574124837,1.0,1.0,1.0,1.0,1.0,1.0,0.9751889318704368,1.0,1.0,0.9801892787062418,1.0,-4.440892098500626e-16,1.0,0.9901212004139659,1.0,1.0,1.0,1.0,1.0,1.0,1.0,1.0,1.0,1.0,1.0,1.0,1.0,1.0,1.0,1.0,1.0,1.0,1.0,1.0,1.0,0.9612782327326321,1.0,1.0,0.9871190052190367,1.0,1.0,1.0,1.0,1.0,1.0,1.0,0.9975482167671859,1.0,1.0,0.9945927773992538,0.9978737164336678,1.0,1.0,1.0,1.0,1.0,1.0,1.0,1.0,1.0,1.0,1.0,1.0,1.0,1.0,1.0,1.0,1.0,1.0,1.0,1.0,1.0,1.0,1.0,0.855751358621068,1.0,1.0,1.0,1.0,1.0,1.0,1.0,1.0,1.0,1.0,1.0,1.0,1.0,0.98133113534847,1.0,1.0,1.0,1.0,1.0,1.0,1.0
Block_E65-E68,0.9983464861665937,0.974900186654068,0.9459437522382664,1.0,1.0,0.9242510827458822,1.0,1.0,1.0,0.990616634629587,1.0,0.9666119023713102,1.0,0.9977909758300436,1.0,1.0,1.0,0.9886039423540363,1.0,0.0,1.0,1.0,0.7936663172887333,1.0,1.0,1.0,1.0,1.0,1.0,1.0,0.9708442281550083,1.0,1.0,1.0,1.0,0.9445166414282348,1.0,1.0,1.0,0.9978149056936648,1.0,1.0,0.9967439835297246,1.0,0.9466108966465079,1.0,0.9967238637720162,0.9814588599814996,0.9890086659983874,1.0,1.0,0.9576942943886675,1.0,1.0,1.0,1.0,0.9017891606914498,1.0,1.0,1.0,1.0,0.757964268556219,1.0,1.0,1.0,1.0,1.0,1.0,1.0,1.0,1.0,1.0,1.0,1.0,1.0,1.0,1.0,1.0,1.0,1.0,1.0,1.0,1.0,1.0,1.0,1.0,1.0,1.0,1.0,1.0,1.0,1.0,1.0,1.0,0.9887437765779568,0.9984301819086148,1.0,0.9857184488250504,1.0,1.0,1.0,1.0,1.0
Block_G35-G37,0.990481321361481,0.5932248117696263,1.0,0.9983135010846729,0.8372199973514077,0.9994616555466882,0.9923283191036201,1.0,1.0,1.0,1.0,0.9993593228246049,1.0,0.5320309635534923,0.992015061359626,1.0,1.0,1.0,0.9901212004139659,1.0,9.992007221626409e-16,1.0,0.5805993792659027,0.9560894889300544,0.9730980481506677,1.0,0.9823081959528017,1.0,0.9028211919089305,0.9984439674954112,1.0,0.9778714889272836,1.0,1.0,1.0,1.0,1.0,0.9973005980537367,1.0,0.9991614137087274,0.9982845600014008,0.920625585562794,0.9918777281175489,1.0,1.0,1.0,0.9025591131741181,0.9928843593619727,1.0,1.0,1.0,0.9636624971097784,0.976949467632587,0.6036044299162336,1.0,1.0,0.9916242350364722,0.6368801302366445,1.0,1.0,1.0,0.9443218478797935,0.9958300017956009,0.8823841886957766,1.0,1.0,1.0,0.9551382743088467,1.0,1.0,1.0,1.0,1.0,1.0,0.9825058759454901,1.0,1.0,1.0,0.992015061359626,1.0,1.0,1.0,1.0,1.0,1.0,1.0,0.9926653655138691,1.0,1.0,0.996374918145231,0.9815913640524424,1.0,1.0,0.9930848402897762,1.0,0.484898259111208,0.9965150870724675,0.9992170123472671,0.7991564484668895,1.0,0.9077675458692851,1.0,1.0
Block_J95-J99,1.0,1.0,1.0,1.0,1.0,1.0,1.0,1.0,1.0,1.0,1.0,0.959779413118256,1.0,1.0,1.0,1.0,1.0,1.0,1.0,1.0,1.0,-2.220446049250313e-16,1.0,1.0,1.0,1.0,1.0,1.0,0.9712106983056656,1.0,0.41463059299503646,1.0,1.0,1.0,1.0,1.0,1.0,1.0,1.0,1.0,1.0,1.0,0.9439668185319474,0.8245883961385941,1.0,1.0,1.0,1.0,1.0,1.0,1.0,1.0,0.9586550884702638,1.0,1.0,1.0,1.0,1.0,1.0,1.0,1.0,0.9829493828369578,1.0,1.0,1.0,1.0,1.0,1.0,1.0,1.0,1.0,1.0,1.0,1.0,1.0,1.0,1.0,1.0,1.0,1.0,1.0,1.0,1.0,1.0,1.0,1.0,1.0,1.0,1.0,1.0,1.0,1.0,1.0,1.0,1.0,1.0,1.0,0.9508454115059466,1.0,1.0,1.0,1.0,1.0
Block_E10-E14,0.8631415966809405,0.674564287004232,1.0,0.8264994030027546,0.7992868112923008,0.980649372377755,1.0,1.0,1.0,1.0,1.0,0.9992058984072325,1.0,0.6595448829988436,1.0,1.0,1.0,1.0,1.0,0.7936663172887333,0.5805993792659027,1.0,4.440892098500626e-16,0.9126321707857386,0.7383760939542927,1.0,0.9524882488766826,1.0,0.7066507354785609,0.9922853634388946,1.0,1.0,1.0,0.9945487603281526,1.0,1.0,1.0,1.0,1.0,0.9989605955461703,0.9936212790739195,0.8343033505296594,0.9945791295876921,1.0,1.0,1.0,0.8768871368293448,1.0,1.0,0.9880636362012069,1.0,0.9798760453004988,0.9714295043274851,0.6040009026075221,1.0,1.0,0.997404617897429,0.7946077140697084,1.0,1.0,1.0,0.8761158955365902,0.9483140286071611,0.8720362067653771,1.0,1.0,1.0,0.9216476902729664,1.0,1.0,1.0,1.0,0.9973548860845921,1.0,0.9783165183507685,1.0,1.0,1.0,1.0,1.0,1.0,0.907914674162382,1.0,0.8720809990728033,1.0,1.0,0.9196954948532126,1.0,1.0,0.9955068115654193,0.8798304994199302,1.0,1.0,1.0,1.0,0.550841782635517,0.9503262912338173,0.9941770511012591,0.8090460143664744,1.0,0.87688661771296,1.0,1.0
Block_B35-B49,0.9482465092171395,0.791753251434328,1.0,0.8191556696550091,1.0,1.0,1.0,1.0,1.0,1.0,1.0,0.9980647827316529,1.0,0.775080098758596,1.0,0.8597766263003758,1.0,1.0,1.0,1.0,0.9560894889300544,1.0,0.9126321707857386,3.3306690738754696e-16,0.7416363879066246,1.0,1.0,1.0,0.8175313921874168,1.0,1.0,1.0,1.0,1.0,1.0,1.0,1.0,1.0,1.0,0.9974669822272515,1.0,0.9646674124888566,1.0,1.0,1.0,1.0,1.0,1.0,1.0,1.0,1.0,1.0,1.0,0.9447930791863957,1.0,1.0,0.9984187702465909,0.9160587020703166,1.0,1.0,1.0,1.0,1.0,1.0,1.0,1.0,1.0,1.0,1.0,1.0,1.0,1.0,1.0,1.0,1.0,1.0,1.0,1.0,1.0,1.0,1.0,1.0,1.0,1.0,1.0,1.0,1.0,1.0,1.0,1.0,0.7479250200923178,1.0,1.0,1.0,1.0,1.0,0.9947367692068249,0.9976349224154318,1.0,1.0,0.9957139139458006,1.0,1.0
Block_C81-C96,0.864981841532337,0.8104306369709757,1.0,0.6016341245412791,0.9786536748537973,1.0,1.0,1.0,1.0,1.0,1.0,1.0,1.0,0.7977110965868874,1.0,1.0,1.0,1.0,1.0,1.0,0.9730980481506677,1.0,0.7383760939542927,0.7416363879066246,0.0,1.0,1.0,1.0,0.6232397085875125,1.0,1.0,1.0,1.0,1.0,1.0,1.0,1.0,1.0,1.0,1.0,0.969068548561408,0.6444557173350145,1.0,1.0,1.0,1.0,1.0,1.0,1.0,1.0,1.0,1.0,1.0,0.9024175010727127,1.0,1.0,1.0,0.9814413575495001,1.0,1.0,1.0,1.0,1.0,1.0,1.0,1.0,1.0,0.7720341719123527,1.0,1.0,1.0,1.0,1.0,1.0,1.0,1.0,1.0,1.0,1.0,1.0,1.0,1.0,1.0,1.0,1.0,0.9864534622106678,1.0,1.0,1.0,1.0,0.6547929029866029,1.0,1.0,1.0,1.0,0.9923958668963574,0.9874325636485431,1.0,0.9912736111174067,1.0,0.984648655227261,1.0,1.0
Block_M60-M63,1.0,0.9845857131984566,1.0,1.0,1.0,1.0,1.0,1.0,1.0,1.0,1.0,1.0,1.0,0.9947243139162988,1.0,1.0,1.0,1.0,1.0,1.0,1.0,1.0,1.0,1.0,1.0,2.220446049250313e-16,0.9449518117436819,1.0,1.0,1.0,1.0,1.0,1.0,1.0,1.0,1.0,1.0,1.0,1.0,1.0,1.0,1.0,1.0,1.0,1.0,1.0,1.0,1.0,1.0,1.0,1.0,1.0,1.0,1.0,1.0,1.0,1.0,0.9807848580359891,1.0,1.0,1.0,0.9645063099817813,1.0,1.0,1.0,1.0,1.0,1.0,1.0,1.0,1.0,1.0,1.0,1.0,1.0,1.0,1.0,1.0,1.0,1.0,1.0,0.9478572253277927,1.0,1.0,1.0,1.0,1.0,1.0,1.0,1.0,1.0,1.0,1.0,1.0,1.0,1.0,1.0,1.0,1.0,1.0,1.0,1.0,1.0
Block_K70-K77,1.0,0.9851507501704557,1.0,1.0,1.0,1.0,1.0,1.0,1.0,1.0,1.0,0.9604946701245505,1.0,0.9847531095623667,1.0,1.0,1.0,1.0,1.0,1.0,0.9823081959528017,1.0,0.9524882488766826,1.0,1.0,0.9449518117436819,1.1102230246251565e-16,1.0,0.9865040009706562,1.0,1.0,1.0,1.0,1.0,1.0,1.0,1.0,1.0,1.0,1.0,1.0,0.974240147387151,1.0,1.0,1.0,1.0,0.9903090583474723,1.0,1.0,1.0,1.0,1.0,1.0,0.9780456784534445,1.0,1.0,1.0,1.0,1.0,1.0,1.0,0.9958131500070694,1.0,0.919417703597462,1.0,1.0,1.0,1.0,1.0,1.0,1.0,1.0,1.0,1.0,1.0,1.0,1.0,1.0,1.0,1.0,1.0,1.0,1.0,1.0,1.0,1.0,1.0,1.0,1.0,1.0,1.0,1.0,1.0,1.0,1.0,0.9721384927792351,1.0,1.0,0.9253952903047009,1.0,0.9125042721480385,1.0,1.0
Block_M95-M99,1.0,1.0,1.0,1.0,1.0,1.0,1.0,1.0,1.0,1.0,1.0,1.0,1.0,1.0,1.0,1.0,1.0,1.0,1.0,1.0,1.0,1.0,1.0,1.0,1.0,1.0,1.0,3.3306690738754696e-16,1.0,1.0,1.0,1.0,1.0,1.0,1.0,1.0,1.0,1.0,1.0,1.0,1.0,1.0,1.0,1.0,0.7340919882608448,1.0,0.9848484848484849,0.942833804952497,1.0,1.0,1.0,1.0,1.0,1.0,1.0,1.0,1.0,1.0,1.0,1.0,1.0,1.0,1.0,1.0,1.0,1.0,1.0,1.0,1.0,1.0,1.0,1.0,1.0,1.0,1.0,1.0,1.0,1.0,1.0,1.0,1.0,1.0,1.0,1.0,1.0,1.0,1.0,1.0,1.0,1.0,1.0,1.0,1.0,1.0,1.0,1.0,1.0,1.0,1.0,1.0,1.0,1.0,1.0
Block_D60-D64,0.8305715382362762,0.5488205048247567,1.0,0.8134535510787541,0.929042889759053,0.9778238106866818,1.0,1.0,1.0,1.0,1.0,0.9951126643081811,1.0,0.5397565851836355,1.0,1.0,1.0,1.0,1.0,1.0,0.9028211919089305,0.9712106983056656,0.7066507354785609,0.8175313921874168,0.6232397085875125,1.0,0.9865040009706562,1.0,1.1102230246251565e-16,0.9833819669482282,1.0,0.9535786458693497,1.0,1.0,1.0,0.9959391846509882,1.0,1.0,1.0,1.0,0.929335350386634,0.7603498573211627,1.0,1.0,1.0,1.0,0.9462893423281733,1.0,1.0,1.0,1.0,0.9834861562703165,0.9929664614953561,0.8240004716443639,1.0,1.0,0.7492175962376992,0.8847395234346163,1.0,1.0,1.0,0.999585624694769,0.993637925044976,0.9960123584885532,1.0,1.0,1.0,0.8848887069844796,1.0,1.0,1.0,1.0,1.0,1.0,1.0,0.9577987689721361,1.0,1.0,0.9959391846509882,1.0,1.0,1.0,1.0,1.0,1.0,1.0,1.0,1.0,1.0,1.0,0.7940385461812844,1.0,1.0,1.0,1.0,0.9425526719655213,0.938856163491149,0.9892487159412668,0.8892448401404545,1.0,0.9783512252670337,1.0,1.0
Block_L60-L75,1.0,0.9854471644717737,1.0,1.0,0.8039488377892449,1.0,1.0,1.0,1.0,1.0,1.0,0.9947881309424373,1.0,0.9850574613934843,1.0,1.0,1.0,1.0,1.0,1.0,0.9984439674954112,1.0,0.9922853634388946,1.0,1.0,1.0,1.0,1.0,0.9833819669482282,4.440892098500626e-16,1.0,1.0,1.0,1.0,1.0,1.0,1.0,1.0,1.0,1.0,1.0,0.9932030954211212,1.0,1.0,1.0,1.0,1.0,1.0,1.0,1.0,1.0,1.0,1.0,0.9806906984434723,1.0,1.0,1.0,0.9966508417198146,1.0,1.0,1.0,0.9889527241029964,1.0,1.0,1.0,1.0,1.0,1.0,1.0,1.0,0.9765402955575706,1.0,1.0,1.0,1.0,1.0,1.0,1.0,1.0,1.0,1.0,1.0,1.0,1.0,1.0,1.0,1.0,1.0,1.0,1.0,1.0,1.0,1.0,1.0,1.0,1.0,1.0,1.0,0.993438354111791,1.0,1.0,1.0,1.0
Block_C15-C26,1.0,0.9906085097987546,1.0,1.0,1.0,1.0,1.0,1.0,1.0,1.0,1.0,1.0,1.0,1.0,1.0,1.0,1.0,1.0,1.0,0.9708442281550083,1.0,0.41463059299503646,1.0,1.0,1.0,1.0,1.0,1.0,1.0,1.0,0.0,1.0,1.0,1.0,1.0,1.0,1.0,1.0,1.0,1.0,1.0,1.0,1.0,1.0,1.0,1.0,0.9570963723887028,1.0,1.0,1.0,1.0,1.0,1.0,1.0,1.0,1.0,1.0,1.0,1.0,1.0,1.0,1.0,1.0,1.0,1.0,1.0,1.0,1.0,1.0,1.0,1.0,1.0,1.0,1.0,1.0,1.0,1.0,1.0,1.0,1.0,1.0,1.0,1.0,1.0,1.0,1.0,1.0,1.0,1.0,1.0,1.0,1.0,1.0,1.0,1.0,1.0,1.0,1.0,1.0,1.0,1.0,1.0,1.0
Block_D65-D69,1.0,0.9602004826159716,1.0,1.0,1.0,1.0,1.0,1.0,1.0,1.0,1.0,1.0,1.0,0.9713942979212095,1.0,1.0,0.8890599607549542,1.0,1.0,1.0,0.9778714889272836,1.0,1.0,1.0,1.0,1.0,1.0,1.0,0.9535786458693497,1.0,1.0,0.0,1.0,1.0,1.0,1.0,1.0,1.0,1.0,1.0,1.0,1.0,1.0,1.0,1.0,1.0,1.0,1.0,1.0,1.0,1.0,1.0,1.0,1.0,1.0,1.0,1.0,0.9434408571355648,1.0,1.0,1.0,1.0,1.0,1.0,1.0,1.0,1.0,1.0,1.0,1.0,1.0,1.0,1.0,1.0,1.0,1.0,1.0,1.0,1.0,1.0,1.0,1.0,1.0,1.0,1.0,1.0,1.0,1.0,1.0,1.0,1.0,1.0,1.0,1.0,1.0,1.0,1.0,1.0,1.0,1.0,1.0,1.0,1.0
Block_I70-I79,1.0,0.9950250603269964,1.0,1.0,1.0,1.0,0.8613249509436927,1.0,1.0,1.0,1.0,1.0,1.0,0.9948918389145017,1.0,1.0,1.0,1.0,1.0,1.0,1.0,1.0,1.0,1.0,1.0,1.0,1.0,1.0,1.0,1.0,1.0,1.0,0.0,1.0,1.0,1.0,1.0,1.0,1.0,1.0,1.0,1.0,1.0,1.0,1.0,1.0,1.0,1.0,1.0,1.0,1.0,1.0,1.0,1.0,1.0,1.0,1.0,1.0,1.0,1.0,1.0,1.0,1.0,1.0,1.0,1.0,1.0,1.0,1.0,1.0,1.0,1.0,1.0,1.0,1.0,1.0,1.0,1.0,1.0,1.0,0.8709005551264195,0.9798051902069496,1.0,1.0,1.0,1.0,1.0,1.0,1.0,1.0,1.0,1.0,1.0,1.0,1.0,1.0,1.0,0.9716930741463851,1.0,1.0,1.0,1.0,1.0
Block_L20-L30,1.0,0.9957812595947654,1.0,0.7608719178504368,1.0,1.0,1.0,1.0,1.0,1.0,1.0,1.0,1.0,1.0,1.0,1.0,1.0,1.0,1.0,1.0,1.0,1.0,0.9945487603281526,1.0,1.0,1.0,1.0,1.0,1.0,1.0,1.0,1.0,1.0,-8.881784197001252e-16,1.0,1.0,1.0,1.0,1.0,1.0,1.0,1.0,1.0,1.0,1.0,1.0,1.0,1.0,1.0,1.0,1.0,1.0,1.0,1.0,1.0,1.0,1.0,0.9952669022475307,1.0,1.0,1.0,1.0,1.0,1.0,1.0,1.0,1.0,1.0,1.0,1.0,1.0,1.0,1.0,1.0,1.0,1.0,1.0,1.0,1.0,1.0,1.0,1.0,1.0,1.0,1.0,0.5873388948595857,1.0,1.0,1.0,1.0,1.0,1.0,1.0,1.0,1.0,1.0,1.0,1.0,1.0,1.0,1.0,1.0,1.0
Block_L50-L54,1.0,0.9900501206539929,1.0,1.0,1.0,1.0,1.0,1.0,1.0,1.0,1.0,1.0,1.0,1.0,1.0,1.0,1.0,1.0,1.0,1.0,1.0,1.0,1.0,1.0,1.0,1.0,1.0,1.0,1.0,1.0,1.0,1.0,1.0,1.0,0.0,1.0,1.0,1.0,1.0,1.0,1.0,1.0,1.0,1.0,1.0,1.0,1.0,1.0,1.0,1.0,1.0,1.0,1.0,1.0,1.0,1.0,1.0,0.9851160150356749,1.0,1.0,1.0,1.0,1.0,1.0,1.0,1.0,1.0,1.0,1.0,1.0,1.0,1.0,1.0,1.0,1.0,1.0,1.0,1.0,1.0,1.0,1.0,1.0,1.0,1.0,1.0,1.0,1.0,1.0,1.0,1.0,1.0,1.0,1.0,1.0,1.0,1.0,1.0,1.0,1.0,1.0,1.0,1.0,1.0
Block_D37-D48,1.0,1.0,1.0,1.0,1.0,0.9925088904170751,1.0,0.948565550012636,1.0,1.0,1.0,0.9554246087366717,1.0,1.0,1.0,1.0,1.0,1.0,1.0,0.9445166414282348,1.0,1.0,1.0,1.0,1.0,1.0,1.0,1.0,0.9959391846509882,1.0,1.0,1.0,1.0,1.0,1.0,0.0,1.0,1.0,1.0,1.0,1.0,1.0,1.0,1.0,1.0,1.0,1.0,1.0,1.0,1.0,1.0,0.8278674068352259,1.0,1.0,1.0,1.0,1.0,1.0,1.0,1.0,1.0,1.0,1.0,1.0,1.0,1.0,1.0,1.0,1.0,1.0,1.0,1.0,1.0,1.0,1.0,1.0,1.0,1.0,1.0,1.0,1.0,1.0,1.0,1.0,1.0,1.0,1.0,1.0,1.0,1.0,1.0,1.0,1.0,1.0,1.0,1.0,1.0,1.0,1.0,1.0,1.0,1.0,1.0
Block_M40-M43,1.0,1.0,1.0,1.0,1.0,1.0,1.0,1.0,1.0,1.0,1.0,1.0,1.0,1.0,1.0,1.0,1.0,1.0,1.0,1.0,1.0,1.0,1.0,1.0,1.0,1.0,1.0,1.0,1.0,1.0,1.0,1.0,1.0,1.0,1.0,1.0,2.220446049250313e-16,1.0,1.0,1.0,1.0,1.0,1.0,1.0,1.0,1.0,1.0,1.0,1.0,1.0,1.0,1.0,1.0,1.0,1.0,1.0,1.0,1.0,1.0,1.0,1.0,1.0,1.0,1.0,1.0,1.0,1.0,1.0,1.0,0.7958758547680684,1.0,1.0,1.0,1.0,1.0,1.0,1.0,1.0,1.0,1.0,1.0,0.971440226101123,1.0,1.0,1.0,1.0,1.0,1.0,1.0,1.0,1.0,1.0,1.0,1.0,1.0,1.0,1.0,1.0,1.0,1.0,1.0,1.0,1.0
Block_L55-L59,1.0,0.9495075425060933,1.0,1.0,0.8836468705435371,1.0,1.0,1.0,1.0,1.0,1.0,1.0,1.0,0.9990029890448059,1.0,1.0,1.0,1.0,1.0,1.0,0.9973005980537367,1.0,1.0,1.0,1.0,1.0,1.0,1.0,1.0,1.0,1.0,1.0,1.0,1.0,1.0,1.0,1.0,-4.440892098500626e-16,1.0,1.0,1.0,1.0,1.0,1.0,1.0,1.0,1.0,1.0,1.0,1.0,1.0,1.0,1.0,0.9966502263899397,1.0,1.0,1.0,0.998547471798755,1.0,1.0,1.0,0.9942505626387619,1.0,1.0,1.0,1.0,1.0,1.0,1.0,1.0,0.776161844921968,1.0,1.0,1.0,1.0,1.0,1.0,1.0,1.0,0.8873127660361978,1.0,1.0,1.0,1.0,1.0,0.9116461588326563,1.0,1.0,1.0,1.0,1.0,1.0,1.0,1.0,1.0,1.0,1.0,1.0,0.977233740774583,1.0,1.0,1.0,1.0
Block_A30-A49,1.0,1.0,1.0,1.0,1.0,1.0,1.0,1.0,1.0,1.0,1.0,1.0,1.0,1.0,1.0,1.0,1.0,1.0,1.0,1.0,1.0,1.0,1.0,1.0,1.0,1.0,1.0,1.0,1.0,1.0,1.0,1.0,1.0,1.0,1.0,1.0,1.0,1.0,0.0,0.9848415234352292,0.5348697452904682,1.0,1.0,1.0,1.0,1.0,1.0,1.0,1.0,1.0,1.0,1.0,1.0,1.0,1.0,1.0,1.0,1.0,1.0,1.0,1.0,1.0,1.0,1.0,1.0,1.0,1.0,1.0,1.0,1.0,1.0,1.0,1.0,1.0,1.0,1.0,1.0,1.0,1.0,1.0,1.0,1.0,1.0,1.0,1.0,1.0,1.0,1.0,1.0,1.0,1.0,1.0,1.0,1.0,1.0,1.0,1.0,1.0,1.0,1.0,1.0,1.0,1.0
Block_K20-K31,1.0,0.9927603993813402,1.0,1.0,1.0,1.0,1.0,1.0,1.0,1.0,1.0,1.0,1.0,0.9993805444791712,1.0,1.0,1.0,1.0,1.0,0.9978149056936648,0.9991614137087274,1.0,0.9989605955461703,0.9974669822272515,1.0,1.0,1.0,1.0,1.0,1.0,1.0,1.0,1.0,1.0,1.0,1.0,1.0,1.0,0.9848415234352292,2.4424906541753444e-15,1.0,1.0,0.679518201088777,1.0,1.0,0.9726641239474565,0.8594395809448525,1.0,1.0,1.0,1.0,1.0,1.0,0.9989593716370577,0.9843443927228712,1.0,0.8301679873428583,1.0,1.0,0.918651078318004,1.0,0.9892834054735592,1.0,1.0,1.0,1.0,1.0,1.0,1.0,1.0,1.0,1.0,1.0,1.0,1.0,1.0,1.0,1.0,1.0,1.0,1.0,0.9975510195921763,1.0,1.0,1.0,1.0,1.0,1.0,1.0,0.9364286921562807,1.0,1.0,1.0,1.0,1.0,0.9986793727792149,1.0,1.0,1.0,1.0,1.0,1.0,1.0
Block_E20-E35,0.9829266882032658,0.9432299903816745,1.0,0.9924374687601824,0.9962081475214262,1.0,1.0,1.0,1.0,1.0,1.0,1.0,1.0,0.9657861721581499,1.0,1.0,1.0,1.0,1.0,1.0,0.9982845600014008,1.0,0.9936212790739195,1.0,0.969068548561408,1.0,1.0,1.0,0.929335350386634,1.0,1.0,1.0,1.0,1.0,1.0,1.0,1.0,1.0,0.5348697452904682,1.0,-2.220446049250313e-16,0.9775203629482944,1.0,1.0,1.0,1.0,1.0,1.0,1.0,1.0,1.0,1.0,1.0,0.9978712560221333,1.0,1.0,1.0,1.0,1.0,1.0,1.0,0.9975641975481369,1.0,1.0,1.0,1.0,1.0,0.9451362283030409,1.0,1.0,1.0,1.0,1.0,1.0,1.0,1.0,1.0,1.0,1.0,1.0,1.0,1.0,1.0,1.0,1.0,1.0,1.0,1.0,1.0,1.0,1.0,1.0,1.0,1.0,1.0,1.0,0.9843730923020502,1.0,1.0,1.0,0.9745486094809689,1.0,1.0
Block_D50-D53,0.8946677138245405,0.8521308283032442,1.0,0.8231969242381836,0.998153144871441,0.9506176167607698,1.0,1.0,1.0,1.0,1.0,1.0,1.0,0.8870541213697731,1.0,1.0,0.9916223339071438,1.0,1.0,1.0,0.920625585562794,1.0,0.8343033505296594,0.9646674124888566,0.6444557173350145,1.0,0.974240147387151,1.0,0.7603498573211627,0.9932030954211212,1.0,1.0,1.0,1.0,1.0,1.0,1.0,1.0,1.0,1.0,0.9775203629482944,1.1102230246251565e-16,1.0,1.0,1.0,1.0,0.9917619714545884,1.0,1.0,1.0,1.0,1.0,1.0,0.9616375307479123,1.0,1.0,0.9977133641543345,0.9838148605232627,1.0,1.0,1.0,1.0,1.0,0.9942915827840307,1.0,1.0,0.9439086717894122,0.75950305336812,1.0,1.0,1.0,1.0,1.0,1.0,1.0,1.0,1.0,1.0,1.0,1.0,1.0,1.0,1.0,1.0,1.0,1.0,1.0,1.0,1.0,1.0,0.9892785665600276,1.0,1.0,1.0,1.0,0.9802630212115849,0.84016431795286,1.0,0.9436270144380583,1.0,0.9442165429204185,1.0,1.0
Block_M20-M25,0.9958544214279428,0.9973030616133787,1.0,1.0,1.0,0.7063388715207345,0.9749411994483705,1.0,1.0,1.0,1.0,1.0,0.9262288886436683,0.9935386305259148,0.9739179734521349,1.0,1.0,1.0,0.9612782327326321,0.9967439835297246,0.9918777281175489,0.9439668185319474,0.9945791295876921,1.0,1.0,1.0,1.0,1.0,1.0,1.0,1.0,1.0,1.0,1.0,1.0,1.0,1.0,1.0,1.0,0.679518201088777,1.0,1.0,-4.440892098500626e-16,1.0,1.0,0.7678202923914611,0.9917862917917705,1.0,1.0,1.0,1.0,0.9217131777972036,1.0,0.9968987122621186,1.0,0.8014630774364848,0.8324284355078073,0.9979828302937014,1.0,1.0,1.0,0.9707238043072037,1.0,0.987193979185703,1.0,1.0,1.0,1.0,1.0,1.0,1.0,1.0,1.0,1.0,1.0,1.0,1.0,1.0,1.0,1.0,1.0,1.0,1.0,0.9963357915996959,1.0,1.0,1.0,1.0,1.0,0.9407951110004781,1.0,1.0,0.9914626527904686,1.0,1.0,0.9704819331858798,1.0,1.0,1.0,1.0,1.0,0.9911403761007708,1.0
Block_H65-H75,1.0,1.0,1.0,1.0,1.0,1.0,1.0,1.0,1.0,1.0,1.0,1.0,1.0,1.0,1.0,1.0,1.0,1.0,1.0,1.0,1.0,0.8245883961385941,1.0,1.0,1.0,1.0,1.0,1.0,1.0,1.0,1.0,1.0,1.0,1.0,1.0,1.0,1.0,1.0,1.0,1.0,1.0,1.0,1.0,2.220446049250313e-16,1.0,1.0,1.0,1.0,1.0,1.0,1.0,1.0,1.0,1.0,1.0,1.0,1.0,1.0,1.0,1.0,1.0,1.0,1.0,1.0,1.0,1.0,1.0,1.0,1.0,1.0,1.0,1.0,1.0,1.0,1.0,1.0,1.0,1.0,1.0,1.0,1.0,1.0,1.0,1.0,1.0,1.0,1.0,1.0,1.0,1.0,1.0,1.0,1.0,1.0,1.0,1.0,1.0,1.0,1.0,1.0,1.0,1.0,1.0
Block_M50-M54,1.0,1.0,1.0,1.0,1.0,0.85361498905772,1.0,1.0,1.0,1.0,1.0,1.0,1.0,1.0,1.0,1.0,1.0,1.0,1.0,0.9466108966465079,1.0,1.0,1.0,1.0,1.0,1.0,1.0,0.7340919882608448,1.0,1.0,1.0,1.0,1.0,1.0,1.0,1.0,1.0,1.0,1.0,1.0,1.0,1.0,1.0,1.0,-2.220446049250313e-16,1.0,1.0,1.0,1.0,0.5834022095494689,1.0,0.9808882303210891,1.0,1.0,1.0,1.0,1.0,1.0,1.0,1.0,1.0,1.0,1.0,1.0,1.0,1.0,1.0,1.0,1.0,1.0,1.0,1.0,1.0,1.0,1.0,1.0,1.0,1.0,1.0,1.0,1.0,1.0,1.0,1.0,1.0,1.0,1.0,1.0,1.0,1.0,1.0,1.0,1.0,1.0,1.0,1.0,1.0,1.0,1.0,1.0,1.0,1.0,1.0
Block_F10-F19,1.0,1.0,1.0,1.0,1.0,1.0,1.0,1.0,1.0,1.0,1.0,1.0,1.0,1.0,1.0,1.0,1.0,1.0,0.9871190052190367,1.0,1.0,1.0,1.0,1.0,1.0,1.0,1.0,1.0,1.0,1.0,1.0,1.0,1.0,1.0,1.0,1.0,1.0,1.0,1.0,0.9726641239474565,1.0,1.0,0.7678202923914611,1.0,1.0,-1.9984014443252818e-15,1.0,1.0,1.0,1.0,1.0,1.0,1.0,0.9442903980062547,1.0,1.0,1.0,1.0,1.0,1.0,1.0,1.0,1.0,1.0,1.0,1.0,1.0,1.0,1.0,1.0,1.0,1.0,1.0,1.0,1.0,1.0,1.0,1.0,1.0,1.0,1.0,1.0,1.0,1.0,1.0,1.0,1.0,1.0,0.9534379802820281,0.9369766065938391,1.0,1.0,1.0,1.0,1.0,0.9980361326901666,1.0,0.9234295135210389,1.0,1.0,1.0,1.0,1.0
Block_K55-K64,0.9916576096774341,0.9615572843449725,1.0,1.0,0.8624309858839578,1.0,0.9873931773585175,1.0,1.0,1.0,1.0,1.0,1.0,0.96981541176751,1.0,1.0,1.0,1.0,1.0,0.9967238637720162,0.9025591131741181,1.0,0.8768871368293448,1.0,1.0,1.0,0.9903090583474723,0.9848484848484849,0.9462893423281733,1.0,0.9570963723887028,1.0,1.0,1.0,1.0,1.0,1.0,1.0,1.0,0.8594395809448525,1.0,0.9917619714545884,0.9917862917917705,1.0,1.0,1.0,2.220446049250313e-16,1.0,1.0,1.0,1.0,0.997459013661932,1.0,0.882202960132519,1.0,1.0,0.9879566405710654,0.9952641866022602,1.0,1.0,1.0,0.7866591791538556,1.0,0.987114847511049,1.0,1.0,0.974677908430402,1.0,1.0,1.0,1.0,1.0,1.0,1.0,1.0,1.0,1.0,1.0,1.0,1.0,1.0,1.0,1.0,1.0,1.0,1.0,1.0,1.0,1.0,1.0,1.0,1.0,1.0,1.0,1.0,0.8524876830943505,1.0,1.0,0.8780557054458591,1.0,0.9953364620359766,1.0,1.0
Block_N00-N08,0.8740976839416585,0.9948808293094633,1.0,1.0,1.0,1.0,1.0,1.0,0.5571925572299525,1.0,1.0,0.9761664443662315,1.0,1.0,1.0,1.0,1.0,1.0,1.0,0.9814588599814996,0.9928843593619727,1.0,1.0,1.0,1.0,1.0,1.0,0.942833804952497,1.0,1.0,1.0,1.0,1.0,1.0,1.0,1.0,1.0,1.0,1.0,1.0,1.0,1.0,1.0,1.0,1.0,1.0,1.0,0.0,1.0,1.0,1.0,1.0,1.0,1.0,1.0,1.0,1.0,1.0,1.0,1.0,1.0,1.0,1.0,1.0,1.0,1.0,1.0,1.0,1.0,1.0,1.0,1.0,1.0,1.0,1.0,1.0,1.0,1.0,1.0,1.0,1.0,1.0,1.0,1.0,1.0,0.9844732476488866,1.0,1.0,1.0,1.0,1.0,1.0,1.0,1.0,1.0,1.0,1.0,0.9902908045327423,1.0,1.0,1.0,1.0,1.0
Block_F00-F09,1.0,1.0,1.0,1.0,1.0,1.0,1.0,1.0,1.0,1.0,1.0,1.0,1.0,1.0,1.0,1.0,1.0,1.0,1.0,0.9890086659983874,1.0,1.0,1.0,1.0,1.0,1.0,1.0,1.0,1.0,1.0,1.0,1.0,1.0,1.0,1.0,1.0,1.0,1.0,1.0,1.0,1.0,1.0,1.0,1.0,1.0,1.0,1.0,1.0,-6.661338147750939e-16,1.0,1.0,0.9914750707566191,1.0,0.9921482378068381,1.0,1.0,0.9826835319622372,1.0,1.0,1.0,1.0,1.0,1.0,1.0,1.0,1.0,1.0,1.0,1.0,1.0,1.0,1.0,1.0,1.0,1.0,1.0,1.0,1.0,1.0,1.0,1.0,1.0,1.0,1.0,1.0,1.0,1.0,1.0,1.0,1.0,1.0,1.0,0.9711804791147882,1.0,0.19024663600978042,1.0,1.0,0.6978263993768878,1.0,1.0,1.0,1.0,1.0
Block_M45-M49,1.0,1.0,1.0,1.0,1.0,0.9932240364318188,1.0,1.0,1.0,1.0,1.0,1.0,1.0,1.0,1.0,1.0,1.0,1.0,1.0,1.0,1.0,1.0,0.9880636362012069,1.0,1.0,1.0,1.0,1.0,1.0,1.0,1.0,1.0,1.0,1.0,1.0,1.0,1.0,1.0,1.0,1.0,1.0,1.0,1.0,1.0,0.5834022095494689,1.0,1.0,1.0,1.0,-2.220446049250313e-16,1.0,1.0,1.0,1.0,1.0,1.0,0.99341106355102,1.0,1.0,1.0,1.0,0.9829072564795743,1.0,1.0,1.0,1.0,1.0,1.0,1.0,1.0,1.0,1.0,1.0,1.0,1.0,1.0,1.0,1.0,1.0,1.0,1.0,0.9929690696975092,1.0,1.0,1.0,1.0,1.0,1.0,1.0,1.0,1.0,1.0,1.0,1.0,1.0,1.0,1.0,1.0,1.0,1.0,1.0,1.0,1.0
Block_G90-G99,1.0,0.935373637913258,1.0,1.0,1.0,1.0,1.0,1.0,1.0,1.0,1.0,1.0,1.0,1.0,1.0,1.0,1.0,1.0,1.0,1.0,1.0,1.0,1.0,1.0,1.0,1.0,1.0,1.0,1.0,1.0,1.0,1.0,1.0,1.0,1.0,1.0,1.0,1.0,1.0,1.0,1.0,1.0,1.0,1.0,1.0,1.0,1.0,1.0,1.0,1.0,-2.220446049250313e-16,1.0,1.0,1.0,1.0,1.0,1.0,1.0,1.0,1.0,1.0,1.0,0.9564805860110756,1.0,1.0,1.0,1.0,1.0,1.0,1.0,1.0,1.0,1.0,1.0,1.0,1.0,1.0,1.0,1.0,1.0,1.0,1.0,1.0,1.0,0.9722222222222222,1.0,1.0,1.0,1.0,1.0,1.0,1.0,1.0,1.0,1.0,1.0,1.0,1.0,0.9831641242574631,1.0,1.0,1.0,1.0
Block_I80-I89,0.9923051623593614,0.974414102426568,1.0,1.0,0.9606938091960818,0.9978240293005538,0.984495658176349,1.0,1.0,1.0,1.0,0.989641615119187,1.0,0.9663045234897797,1.0,1.0,1.0,1.0,1.0,0.9576942943886675,0.9636624971097784,1.0,0.9798760453004988,1.0,1.0,1.0,1.0,1.0,0.9834861562703165,1.0,1.0,1.0,1.0,1.0,1.0,0.8278674068352259,1.0,1.0,1.0,1.0,1.0,1.0,0.9217131777972036,1.0,0.9808882303210891,1.0,0.997459013661932,1.0,0.9914750707566191,1.0,1.0,-4.440892098500626e-16,1.0,1.0,1.0,1.0,0.9978840894716702,1.0,1.0,1.0,1.0,0.9945109933518165,1.0,0.9947177859079468,1.0,1.0,1.0,1.0,1.0,1.0,1.0,1.0,1.0,1.0,0.9823223304703363,1.0,1.0,1.0,1.0,1.0,1.0,0.9164596101436122,0.9300621393819765,0.904781242173061,1.0,1.0,0.8764735288996727,1.0,1.0,1.0,1.0,1.0,1.0,1.0,1.0,1.0,1.0,0.9556926526900896,1.0,1.0,1.0,1.0,1.0
Block_J20-J22,1.0,0.9834168677566548,1.0,1.0,1.0,0.9740500351946159,1.0,1.0,1.0,1.0,1.0,1.0,1.0,0.9863782371053379,1.0,1.0,1.0,1.0,1.0,1.0,0.976949467632587,0.9586550884702638,0.9714295043274851,1.0,1.0,1.0,1.0,1.0,0.9929664614953561,1.0,1.0,1.0,1.0,1.0,1.0,1.0,1.0,1.0,1.0,1.0,1.0,1.0,1.0,1.0,1.0,1.0,1.0,1.0,1.0,1.0,1.0,1.0,0.0,0.9713958622838347,1.0,1.0,1.0,1.0,1.0,1.0,1.0,0.9934539776030472,1.0,0.8740118423302576,1.0,1.0,1.0,1.0,1.0,1.0,1.0,1.0,1.0,1.0,1.0,1.0,1.0,1.0,1.0,1.0,1.0,1.0,1.0,1.0,1.0,1.0,1.0,1.0,1.0,1.0,1.0,1.0,1.0,1.0,1.0,0.9636994298442473,1.0,1.0,0.9027980260800326,1.0,1.0,1.0,1.0
Block_J40-J47,0.9480270651725615,0.6647890284765074,1.0,0.9236117025017682,0.6867705751899115,0.9772863431691008,0.9952399837587969,0.9724788014685171,1.0,1.0,1.0,0.9944347434127997,1.0,0.6181150299814719,1.0,1.0,1.0,1.0,0.9975482167671859,1.0,0.6036044299162336,1.0,0.6040009026075221,0.9447930791863957,0.9024175010727127,1.0,0.9780456784534445,1.0,0.8240004716443639,0.9806906984434723,1.0,1.0,1.0,1.0,1.0,1.0,1.0,0.9966502263899397,1.0,0.9989593716370577,0.9978712560221333,0.9616375307479123,0.9968987122621186,1.0,1.0,0.9442903980062547,0.882202960132519,1.0,0.9921482378068381,1.0,1.0,1.0,0.9713958622838347,8.881784197001252e-16,1.0,1.0,1.0,0.8444333047527418,1.0,1.0,1.0,0.9558480236972392,1.0,0.8443165911360573,0.9923247044354666,0.862766602714253,0.9936260139682405,0.9974695299886027,1.0,1.0,1.0,1.0,1.0,1.0,0.9511547181283668,0.9942791724567669,1.0,1.0,0.9900912360337809,1.0,1.0,1.0,1.0,1.0,1.0,0.9984461818311784,0.9893812556317254,1.0,1.0,0.9865045623736515,0.8873036189738861,0.9948831362903111,1.0,1.0,0.9919590115731161,0.5413415805257862,1.0,1.0,0.7237415775059195,0.9967565956486678,0.8785024840418486,1.0,0.924151825940896
Block_K35-K38,1.0,1.0,1.0,1.0,1.0,1.0,1.0,1.0,1.0,1.0,1.0,1.0,1.0,1.0,1.0,1.0,1.0,1.0,1.0,1.0,1.0,1.0,1.0,1.0,1.0,1.0,1.0,1.0,1.0,1.0,1.0,1.0,1.0,1.0,1.0,1.0,1.0,1.0,1.0,0.9843443927228712,1.0,1.0,1.0,1.0,1.0,1.0,1.0,1.0,1.0,1.0,1.0,1.0,1.0,1.0,2.220446049250313e-16,1.0,1.0,1.0,1.0,1.0,0.32387659621718656,1.0,1.0,1.0,1.0,1.0,1.0,1.0,1.0,1.0,1.0,1.0,1.0,1.0,1.0,1.0,1.0,1.0,1.0,1.0,1.0,1.0,1.0,1.0,1.0,1.0,1.0,1.0,0.9333333333333333,1.0,1.0,1.0,1.0,1.0,1.0,1.0,0.9674699975683823,1.0,1.0,1.0,1.0,1.0,1.0
Block_K50-K52,1.0,0.9932726537093494,1.0,1.0,0.9948325761067119,1.0,1.0,1.0,1.0,1.0,1.0,1.0,0.7929803321972937,1.0,1.0,1.0,1.0,1.0,1.0,1.0,1.0,1.0,1.0,1.0,1.0,1.0,1.0,1.0,1.0,1.0,1.0,1.0,1.0,1.0,1.0,1.0,1.0,1.0,1.0,1.0,1.0,1.0,0.8014630774364848,1.0,1.0,1.0,1.0,1.0,1.0,1.0,1.0,1.0,1.0,1.0,1.0,0.0,1.0,0.9924524420680513,1.0,1.0,1.0,1.0,1.0,1.0,1.0,1.0,1.0,1.0,1.0,1.0,1.0,1.0,1.0,1.0,1.0,1.0,1.0,1.0,1.0,1.0,1.0,1.0,1.0,1.0,1.0,1.0,1.0,1.0,1.0,1.0,1.0,1.0,1.0,1.0,1.0,1.0,1.0,1.0,0.9901419205808235,1.0,1.0,1.0,1.0
Block_K40-K46,0.9913164864119383,0.8693168548996164,1.0,0.9976922107358108,1.0,0.7524803953709993,1.0,1.0,1.0,1.0,1.0,0.9964932134998713,0.9845475743196147,0.8658173565491128,1.0,1.0,0.9947510719840821,1.0,0.9945927773992538,0.9017891606914498,0.9916242350364722,1.0,0.997404617897429,0.9984187702465909,1.0,1.0,1.0,1.0,0.7492175962376992,1.0,1.0,1.0,1.0,1.0,1.0,1.0,1.0,1.0,1.0,0.8301679873428583,1.0,0.9977133641543345,0.8324284355078073,1.0,1.0,1.0,0.9879566405710654,1.0,0.9826835319622372,0.99341106355102,1.0,0.9978840894716702,1.0,1.0,1.0,1.0,9.992007221626409e-16,0.9932395943293858,1.0,0.9661454315467234,1.0,0.9866203875055779,1.0,1.0,0.9661454315467234,1.0,0.9929713277938909,1.0,1.0,1.0,1.0,1.0,1.0,1.0,1.0,1.0,1.0,1.0,1.0,1.0,0.8924973068461117,1.0,1.0,1.0,1.0,1.0,0.9966544517026739,1.0,0.9609081115804042,1.0,1.0,1.0,1.0,1.0,0.98226620780652,1.0,1.0,0.9935714023322009,0.9977925106170878,1.0,1.0,1.0,1.0
Block_L40-L45,0.8681956551265512,0.5997023110626414,1.0,0.9990925074202927,0.9881695658712967,0.9994206416710179,1.0,1.0,1.0,1.0,1.0,0.9958630762649774,1.0,0.56343692978887,1.0,1.0,0.9938078879647566,1.0,0.9978737164336678,1.0,0.6368801302366445,1.0,0.7946077140697084,0.9160587020703166,0.9814413575495001,0.9807848580359891,1.0,1.0,0.8847395234346163,0.9966508417198146,1.0,0.9434408571355648,1.0,0.9952669022475307,0.9851160150356749,1.0,1.0,0.998547471798755,1.0,1.0,1.0,0.9838148605232627,0.9979828302937014,1.0,1.0,1.0,0.9952641866022602,1.0,1.0,1.0,1.0,1.0,1.0,0.8444333047527418,1.0,0.9924524420680513,0.9932395943293858,-2.220446049250313e-15,0.9772643374194653,1.0,1.0,0.9625865348099657,0.9551230968073113,0.9985935956166704,1.0,1.0,1.0,0.9978054761414799,1.0,1.0,1.0,1.0,1.0,1.0,1.0,1.0,1.0,1.0,0.9914067272742326,1.0,1.0,0.996393049056194,1.0,1.0,1.0,1.0,0.9986844291625809,1.0,1.0,1.0,0.9722644580172947,1.0,0.9971871912333408,1.0,1.0,0.8531472372407343,0.9962495883111211,0.9974720808472511,0.9756945543320978,1.0,0.9938917414535366,1.0,0.9973688583251618
Block_I60-I69,1.0,1.0,1.0,1.0,1.0,1.0,1.0,1.0,1.0,1.0,1.0,1.0,1.0,1.0,1.0,1.0,1.0,1.0,1.0,1.0,1.0,1.0,1.0,1.0,1.0,1.0,1.0,1.0,1.0,1.0,1.0,1.0,1.0,1.0,1.0,1.0,1.0,1.0,1.0,1.0,1.0,1.0,1.0,1.0,1.0,1.0,1.0,1.0,1.0,1.0,1.0,1.0,1.0,1.0,1.0,1.0,1.0,0.9772643374194653,-4.440892098500626e-16,1.0,1.0,0.9400047137301748,1.0,1.0,1.0,1.0,1.0,1.0,1.0,1.0,1.0,1.0,1.0,1.0,1.0,1.0,1.0,1.0,1.0,1.0,1.0,1.0,1.0,1.0,1.0,1.0,1.0,1.0,1.0,1.0,1.0,1.0,1.0,1.0,1.0,1.0,1.0,1.0,1.0,1.0,1.0,1.0,1.0
Block_A00-A09,1.0,1.0,1.0,1.0,1.0,1.0,1.0,1.0,1.0,1.0,1.0,1.0,1.0,1.0,1.0,1.0,1.0,1.0,1.0,1.0,1.0,1.0,1.0,1.0,1.0,1.0,1.0,1.0,1.0,1.0,1.0,1.0,1.0,1.0,1.0,1.0,1.0,1.0,1.0,0.918651078318004,1.0,1.0,1.0,1.0,1.0,1.0,1.0,1.0,1.0,1.0,1.0,1.0,1.0,1.0,1.0,1.0,0.9661454315467234,1.0,1.0,0.0,1.0,1.0,1.0,1.0,1.0,1.0,1.0,1.0,1.0,1.0,1.0,1.0,1.0,1.0,1.0,1.0,1.0,1.0,1.0,1.0,1.0,1.0,1.0,1.0,1.0,1.0,1.0,1.0,1.0,1.0,1.0,1.0,1.0,1.0,1.0,1.0,1.0,1.0,1.0,1.0,1.0,1.0,1.0
Block_I30-I52,1.0,1.0,1.0,1.0,0.9933288844395004,1.0,1.0,1.0,1.0,1.0,1.0,1.0,1.0,1.0,1.0,1.0,1.0,1.0,1.0,1.0,1.0,1.0,1.0,1.0,1.0,1.0,1.0,1.0,1.0,1.0,1.0,1.0,1.0,1.0,1.0,1.0,1.0,1.0,1.0,1.0,1.0,1.0,1.0,1.0,1.0,1.0,1.0,1.0,1.0,1.0,1.0,1.0,1.0,1.0,0.32387659621718656,1.0,1.0,1.0,1.0,1.0,-4.440892098500626e-16,0.9742877344557892,1.0,1.0,1.0,1.0,1.0,1.0,1.0,1.0,1.0,1.0,1.0,1.0,1.0,1.0,1.0,1.0,1.0,1.0,1.0,1.0,1.0,1.0,1.0,1.0,1.0,1.0,1.0,1.0,1.0,1.0,1.0,1.0,1.0,1.0,1.0,1.0,0.9872732741946465,1.0,1.0,1.0,0.961424162509477
Block_I10-I15,1.0,0.8987846652466077,1.0,0.9616846691566218,0.9975985870732524,0.9671303386670688,0.9836601404136198,0.9947515057738116,1.0,0.867053753770002,1.0,0.759835003560645,1.0,0.983147179016051,1.0,1.0,0.9101307722749091,1.0,1.0,0.757964268556219,0.9443218478797935,0.9829493828369578,0.8761158955365902,1.0,1.0,0.9645063099817813,0.9958131500070694,1.0,0.999585624694769,0.9889527241029964,1.0,1.0,1.0,1.0,1.0,1.0,1.0,0.9942505626387619,1.0,0.9892834054735592,0.9975641975481369,1.0,0.9707238043072037,1.0,1.0,1.0,0.7866591791538556,1.0,1.0,0.9829072564795743,1.0,0.9945109933518165,0.9934539776030472,0.9558480236972392,1.0,1.0,0.9866203875055779,0.9625865348099657,0.9400047137301748,1.0,0.9742877344557892,-3.552713678800501e-15,1.0,0.9981443770708218,1.0,0.9519677569849845,0.9963533024718498,0.9971045249582785,1.0,1.0,1.0,0.9970725297876355,1.0,0.9945533801378733,1.0,1.0,1.0,1.0,1.0,1.0,1.0,0.721595903800982,0.9385776988972702,1.0,1.0,0.9964441058720851,1.0,0.996220652206998,0.9695768371272411,0.9553895666789488,1.0,1.0,1.0,1.0,1.0,0.8430253575201115,0.9628875414164368,0.8676973917725748,0.987401531293499,0.9962887541416436,1.0,1.0,1.0
Block_H53-H54,1.0,1.0,1.0,1.0,1.0,1.0,1.0,1.0,1.0,1.0,1.0,1.0,1.0,0.969196629655832,1.0,1.0,1.0,1.0,1.0,1.0,0.9958300017956009,1.0,0.9483140286071611,1.0,1.0,1.0,1.0,1.0,0.993637925044976,1.0,1.0,1.0,1.0,1.0,1.0,1.0,1.0,1.0,1.0,1.0,1.0,1.0,1.0,1.0,1.0,1.0,1.0,1.0,1.0,1.0,0.9564805860110756,1.0,1.0,1.0,1.0,1.0,1.0,0.9551230968073113,1.0,1.0,1.0,1.0,0.0,1.0,1.0,1.0,1.0,1.0,1.0,1.0,1.0,1.0,1.0,1.0,1.0,1.0,1.0,1.0,1.0,1.0,1.0,1.0,1.0,1.0,1.0,1.0,1.0,1.0,1.0,1.0,1.0,1.0,1.0,1.0,1.0,1.0,1.0,1.0,1.0,1.0,1.0,1.0,1.0
Block_J30-J39,1.0,0.9219654562519812,1.0,1.0,0.9595585111711799,1.0,1.0,1.0,1.0,1.0,1.0,1.0,1.0,0.9333907322609319,1.0,1.0,1.0,1.0,1.0,1.0,0.8823841886957766,1.0,0.8720362067653771,1.0,1.0,1.0,0.919417703597462,1.0,0.9960123584885532,1.0,1.0,1.0,1.0,1.0,1.0,1.0,1.0,1.0,1.0,1.0,1.0,0.9942915827840307,0.987193979185703,1.0,1.0,1.0,0.987114847511049,1.0,1.0,1.0,1.0,0.9947177859079468,0.8740118423302576,0.8443165911360573,1.0,1.0,1.0,0.9985935956166704,1.0,1.0,1.0,0.9981443770708218,1.0,1.1102230246251565e-16,1.0,1.0,1.0,1.0,1.0,1.0,1.0,1.0,1.0,1.0,0.8804771390665607,1.0,1.0,1.0,1.0,1.0,1.0,1.0,1.0,1.0,1.0,1.0,1.0,1.0,1.0,0.9752328179993565,1.0,1.0,1.0,1.0,1.0,0.8353560895737575,1.0,1.0,0.7189474697119039,1.0,1.0,1.0,1.0
Block_G80-G83,1.0,1.0,1.0,1.0,0.9726565629190135,1.0,1.0,1.0,1.0,1.0,1.0,1.0,1.0,1.0,1.0,1.0,1.0,1.0,1.0,1.0,1.0,1.0,1.0,1.0,1.0,1.0,1.0,1.0,1.0,1.0,1.0,1.0,1.0,1.0,1.0,1.0,1.0,1.0,1.0,1.0,1.0,1.0,1.0,1.0,1.0,1.0,1.0,1.0,1.0,1.0,1.0,1.0,1.0,0.9923247044354666,1.0,1.0,0.9661454315467234,1.0,1.0,1.0,1.0,1.0,1.0,1.0,0.0,1.0,1.0,1.0,1.0,1.0,1.0,1.0,1.0,1.0,1.0,1.0,1.0,1.0,1.0,1.0,1.0,1.0,1.0,1.0,1.0,1.0,1.0,1.0,1.0,1.0,1.0,1.0,1.0,1.0,1.0,1.0,1.0,1.0,1.0,1.0,1.0,1.0,1.0
Block_N10-N16,1.0,1.0,1.0,1.0,1.0,1.0,1.0,1.0,1.0,1.0,1.0,1.0,1.0,1.0,1.0,1.0,1.0,1.0,1.0,1.0,1.0,1.0,1.0,1.0,1.0,1.0,1.0,1.0,1.0,1.0,1.0,1.0,1.0,1.0,1.0,1.0,1.0,1.0,1.0,1.0,1.0,1.0,1.0,1.0,1.0,1.0,1.0,1.0,1.0,1.0,1.0,1.0,1.0,0.862766602714253,1.0,1.0,1.0,1.0,1.0,1.0,1.0,0.9519677569849845,1.0,1.0,1.0,1.1102230246251565e-16,1.0,1.0,1.0,1.0,1.0,1.0,1.0,1.0,1.0,1.0,1.0,1.0,1.0,1.0,1.0,1.0,1.0,1.0,1.0,1.0,1.0,1.0,1.0,1.0,1.0,1.0,1.0,0.9059279131616402,1.0,0.9979510777672156,1.0,1.0,1.0,1.0,1.0,1.0,1.0
Block_I26-I28,1.0,1.0,1.0,1.0,1.0,1.0,1.0,1.0,1.0,1.0,1.0,1.0,1.0,1.0,1.0,1.0,1.0,1.0,1.0,1.0,1.0,1.0,1.0,1.0,1.0,1.0,1.0,1.0,1.0,1.0,1.0,1.0,1.0,1.0,1.0,1.0,1.0,1.0,1.0,1.0,1.0,0.9439086717894122,1.0,1.0,1.0,1.0,0.974677908430402,1.0,1.0,1.0,1.0,1.0,1.0,0.9936260139682405,1.0,1.0,0.9929713277938909,1.0,1.0,1.0,1.0,0.9963533024718498,1.0,1.0,1.0,1.0,0.0,1.0,1.0,1.0,1.0,1.0,1.0,1.0,1.0,1.0,1.0,1.0,1.0,1.0,1.0,1.0,1.0,1.0,0.6783662395486615,1.0,0.9343467835701387,1.0,1.0,0.9351028918926666,1.0,1.0,1.0,1.0,1.0,1.0,1.0,0.9684612149851615,1.0,1.0,1.0,1.0,1.0
Block_E50-E64,0.9932348990850827,0.9339836646573776,1.0,0.991010305273163,1.0,0.9885216592808304,1.0,1.0,1.0,1.0,1.0,1.0,1.0,0.9442663625527857,1.0,1.0,1.0,1.0,1.0,1.0,0.9551382743088467,1.0,0.9216476902729664,1.0,0.7720341719123527,1.0,1.0,1.0,0.8848887069844796,1.0,1.0,1.0,1.0,1.0,1.0,1.0,1.0,1.0,1.0,1.0,0.9451362283030409,0.75950305336812,1.0,1.0,1.0,1.0,1.0,1.0,1.0,1.0,1.0,1.0,1.0,0.9974695299886027,1.0,1.0,1.0,0.9978054761414799,1.0,1.0,1.0,0.9971045249582785,1.0,1.0,1.0,1.0,1.0,0.0,1.0,1.0,1.0,1.0,1.0,1.0,1.0,1.0,1.0,1.0,1.0,1.0,1.0,1.0,1.0,1.0,1.0,1.0,1.0,1.0,1.0,1.0,1.0,1.0,1.0,1.0,1.0,0.9967886637560186,1.0,1.0,0.9914010104938736,1.0,0.9848727744795988,1.0,1.0
Block_I95-I99,1.0,1.0,1.0,1.0,1.0,1.0,1.0,1.0,1.0,1.0,1.0,1.0,1.0,1.0,1.0,1.0,1.0,1.0,1.0,1.0,1.0,1.0,1.0,1.0,1.0,1.0,1.0,1.0,1.0,1.0,1.0,1.0,1.0,1.0,1.0,1.0,1.0,1.0,1.0,1.0,1.0,1.0,1.0,1.0,1.0,1.0,1.0,1.0,1.0,1.0,1.0,1.0,1.0,1.0,1.0,1.0,1.0,1.0,1.0,1.0,1.0,1.0,1.0,1.0,1.0,1.0,1.0,1.0,2.220446049250313e-16,1.0,1.0,1.0,1.0,1.0,1.0,1.0,1.0,1.0,1.0,1.0,0.8174258141649446,1.0,1.0,1.0,1.0,1.0,1.0,1.0,1.0,1.0,1.0,1.0,1.0,1.0,0.8895684739251535,1.0,1.0,1.0,1.0,1.0,1.0,1.0,1.0
Block_H80-H83,1.0,1.0,1.0,1.0,1.0,0.910106685004901,1.0,1.0,1.0,1.0,1.0,1.0,1.0,1.0,1.0,1.0,1.0,1.0,1.0,1.0,1.0,1.0,1.0,1.0,1.0,1.0,1.0,1.0,1.0,1.0,1.0,1.0,1.0,1.0,1.0,1.0,0.7958758547680684,1.0,1.0,1.0,1.0,1.0,1.0,1.0,1.0,1.0,1.0,1.0,1.0,1.0,1.0,1.0,1.0,1.0,1.0,1.0,1.0,1.0,1.0,1.0,1.0,1.0,1.0,1.0,1.0,1.0,1.0,1.0,1.0,-2.220446049250313e-16,1.0,1.0,1.0,1.0,1.0,1.0,1.0,1.0,1.0,1.0,1.0,1.0,1.0,1.0,1.0,1.0,1.0,1.0,1.0,1.0,1.0,1.0,1.0,1.0,1.0,1.0,0.8908910548820038,1.0,1.0,1.0,1.0,1.0,1.0
Block_C30-C39,1.0,0.9875518404293724,1.0,1.0,0.9936255283620409,0.9675343497628217,1.0,1.0,1.0,1.0,1.0,1.0,1.0,1.0,1.0,1.0,1.0,1.0,1.0,1.0,1.0,1.0,1.0,1.0,1.0,1.0,1.0,1.0,1.0,0.9765402955575706,1.0,1.0,1.0,1.0,1.0,1.0,1.0,0.776161844921968,1.0,1.0,1.0,1.0,1.0,1.0,1.0,1.0,1.0,1.0,1.0,1.0,1.0,1.0,1.0,1.0,1.0,1.0,1.0,1.0,1.0,1.0,1.0,1.0,1.0,1.0,1.0,1.0,1.0,1.0,1.0,1.0,-2.220446049250313e-16,1.0,1.0,1.0,1.0,1.0,1.0,1.0,1.0,1.0,1.0,1.0,1.0,1.0,1.0,1.0,1.0,1.0,1.0,1.0,1.0,1.0,0.960594479688045,1.0,1.0,1.0,1.0,1.0,1.0,1.0,1.0,1.0,1.0
Block_M86-M90,1.0,1.0,1.0,1.0,1.0,1.0,1.0,1.0,1.0,1.0,1.0,0.9447552806356638,1.0,1.0,1.0,1.0,1.0,1.0,1.0,1.0,1.0,1.0,1.0,1.0,1.0,1.0,1.0,1.0,1.0,1.0,1.0,1.0,1.0,1.0,1.0,1.0,1.0,1.0,1.0,1.0,1.0,1.0,1.0,1.0,1.0,1.0,1.0,1.0,1.0,1.0,1.0,1.0,1.0,1.0,1.0,1.0,1.0,1.0,1.0,1.0,1.0,0.9970725297876355,1.0,1.0,1.0,1.0,1.0,1.0,1.0,1.0,1.0,-2.220446049250313e-16,1.0,1.0,1.0,1.0,1.0,1.0,1.0,1.0,1.0,1.0,1.0,1.0,1.0,1.0,0.5256583509747432,1.0,1.0,1.0,1.0,1.0,1.0,1.0,1.0,1.0,1.0,1.0,1.0,1.0,1.0,1.0,1.0
Block_H60-H62,1.0,0.9677587059890419,1.0,0.9905919587092956,1.0,1.0,1.0,1.0,1.0,0.9799114149077423,1.0,1.0,1.0,1.0,1.0,1.0,1.0,1.0,1.0,1.0,1.0,1.0,0.9973548860845921,1.0,1.0,1.0,1.0,1.0,1.0,1.0,1.0,1.0,1.0,1.0,1.0,1.0,1.0,1.0,1.0,1.0,1.0,1.0,1.0,1.0,1.0,1.0,1.0,1.0,1.0,1.0,1.0,1.0,1.0,1.0,1.0,1.0,1.0,1.0,1.0,1.0,1.0,1.0,1.0,1.0,1.0,1.0,1.0,1.0,1.0,1.0,1.0,1.0,-4.440892098500626e-16,1.0,1.0,1.0,1.0,1.0,1.0,1.0,1.0,1.0,1.0,1.0,1.0,1.0,1.0,1.0,1.0,1.0,1.0,1.0,1.0,1.0,1.0,1.0,1.0,1.0,1.0,1.0,0.6992073962408809,1.0,1.0
Block_H10-H13,1.0,1.0,1.0,1.0,1.0,1.0,1.0,1.0,1.0,1.0,1.0,1.0,1.0,1.0,1.0,1.0,1.0,1.0,1.0,1.0,1.0,1.0,1.0,1.0,1.0,1.0,1.0,1.0,1.0,1.0,1.0,1.0,1.0,1.0,1.0,1.0,1.0,1.0,1.0,1.0,1.0,1.0,1.0,1.0,1.0,1.0,1.0,1.0,1.0,1.0,1.0,1.0,1.0,1.0,1.0,1.0,1.0,1.0,1.0,1.0,1.0,0.9945533801378733,1.0,1.0,1.0,1.0,1.0,1.0,1.0,1.0,1.0,1.0,1.0,-4.440892098500626e-16,1.0,1.0,1.0,1.0,1.0,1.0,1.0,1.0,1.0,1.0,0.35948738477965136,1.0,1.0,1.0,1.0,1.0,1.0,1.0,1.0,1.0,1.0,1.0,1.0,1.0,1.0,1.0,1.0,1.0,1.0
Block_H15-H22,1.0,0.9874142875291003,1.0,1.0,1.0,1.0,1.0,1.0,1.0,1.0,1.0,1.0,1.0,0.9870772610518298,1.0,1.0,1.0,1.0,1.0,1.0,0.9825058759454901,1.0,0.9783165183507685,1.0,1.0,1.0,1.0,1.0,1.0,1.0,1.0,1.0,1.0,1.0,1.0,1.0,1.0,1.0,1.0,1.0,1.0,1.0,1.0,1.0,1.0,1.0,1.0,1.0,1.0,1.0,1.0,0.9823223304703363,1.0,0.9511547181283668,1.0,1.0,1.0,1.0,1.0,1.0,1.0,1.0,1.0,0.8804771390665607,1.0,1.0,1.0,1.0,1.0,1.0,1.0,1.0,1.0,1.0,0.0,1.0,1.0,1.0,1.0,1.0,1.0,1.0,1.0,1.0,1.0,1.0,1.0,1.0,1.0,0.9723710518002231,1.0,1.0,1.0,1.0,1.0,0.9724498043068212,1.0,1.0,0.9262288886436683,1.0,1.0,1.0,1.0
Block_I05-I09,1.0,1.0,1.0,1.0,1.0,1.0,1.0,1.0,1.0,1.0,1.0,1.0,1.0,1.0,1.0,1.0,1.0,1.0,1.0,1.0,1.0,1.0,1.0,1.0,1.0,1.0,1.0,1.0,0.9577987689721361,1.0,1.0,1.0,1.0,1.0,1.0,1.0,1.0,1.0,1.0,1.0,1.0,1.0,1.0,1.0,1.0,1.0,1.0,1.0,1.0,1.0,1.0,1.0,1.0,0.9942791724567669,1.0,1.0,1.0,1.0,1.0,1.0,1.0,1.0,1.0,1.0,1.0,1.0,1.0,1.0,1.0,1.0,1.0,1.0,1.0,1.0,1.0,1.1102230246251565e-16,1.0,1.0,1.0,1.0,1.0,1.0,1.0,1.0,1.0,1.0,1.0,1.0,1.0,1.0,1.0,1.0,1.0,1.0,1.0,1.0,1.0,1.0,1.0,1.0,1.0,1.0,0.882148869802242
Block_H43-H45,1.0,0.9959379787666709,1.0,1.0,1.0,1.0,1.0,1.0,1.0,1.0,1.0,1.0,1.0,0.9958292039388625,1.0,1.0,1.0,1.0,1.0,1.0,1.0,1.0,1.0,1.0,1.0,1.0,1.0,1.0,1.0,1.0,1.0,1.0,1.0,1.0,1.0,1.0,1.0,1.0,1.0,1.0,1.0,1.0,1.0,1.0,1.0,1.0,1.0,1.0,1.0,1.0,1.0,1.0,1.0,1.0,1.0,1.0,1.0,1.0,1.0,1.0,1.0,1.0,1.0,1.0,1.0,1.0,1.0,1.0,1.0,1.0,1.0,1.0,1.0,1.0,1.0,1.0,-2.220446049250313e-16,0.8174258141649446,1.0,1.0,1.0,1.0,1.0,1.0,1.0,1.0,1.0,1.0,1.0,1.0,1.0,0.7565677522199261,1.0,1.0,1.0,1.0,1.0,1.0,1.0,1.0,1.0,1.0,1.0
Block_H90-H95,1.0,1.0,1.0,1.0,1.0,0.9825922344044302,1.0,1.0,0.6535898384862247,1.0,1.0,1.0,1.0,1.0,1.0,1.0,1.0,1.0,1.0,1.0,1.0,1.0,1.0,1.0,1.0,1.0,1.0,1.0,1.0,1.0,1.0,1.0,1.0,1.0,1.0,1.0,1.0,1.0,1.0,1.0,1.0,1.0,1.0,1.0,1.0,1.0,1.0,1.0,1.0,1.0,1.0,1.0,1.0,1.0,1.0,1.0,1.0,1.0,1.0,1.0,1.0,1.0,1.0,1.0,1.0,1.0,1.0,1.0,1.0,1.0,1.0,1.0,1.0,1.0,1.0,1.0,0.8174258141649446,1.1102230246251565e-16,1.0,1.0,1.0,1.0,1.0,1.0,1.0,1.0,1.0,1.0,1.0,1.0,1.0,1.0,1.0,1.0,1.0,1.0,1.0,1.0,1.0,1.0,1.0,1.0,1.0
Block_H00-H06,1.0,0.9942554344811785,0.9037749551350623,1.0,1.0,1.0,1.0,1.0,1.0,1.0,0.7817821097640076,1.0,1.0,1.0,1.0,1.0,1.0,1.0,1.0,1.0,0.992015061359626,1.0,1.0,1.0,1.0,1.0,1.0,1.0,0.9959391846509882,1.0,1.0,1.0,1.0,1.0,1.0,1.0,1.0,1.0,1.0,1.0,1.0,1.0,1.0,1.0,1.0,1.0,1.0,1.0,1.0,1.0,1.0,1.0,1.0,0.9900912360337809,1.0,1.0,1.0,0.9914067272742326,1.0,1.0,1.0,1.0,1.0,1.0,1.0,1.0,1.0,1.0,1.0,1.0,1.0,1.0,1.0,1.0,1.0,1.0,1.0,1.0,0.0,1.0,1.0,1.0,1.0,1.0,1.0,1.0,1.0,0.37037037037037035,1.0,1.0,1.0,1.0,1.0,0.9037749551350623,1.0,1.0,1.0,1.0,0.9887760828383088,0.38171597766468834,1.0,1.0,1.0
Block_B25-B34,1.0,1.0,1.0,1.0,1.0,1.0,1.0,1.0,1.0,1.0,1.0,1.0,1.0,1.0,1.0,1.0,1.0,1.0,1.0,1.0,1.0,1.0,1.0,1.0,1.0,1.0,1.0,1.0,1.0,1.0,1.0,1.0,1.0,1.0,1.0,1.0,1.0,0.8873127660361978,1.0,1.0,1.0,1.0,1.0,1.0,1.0,1.0,1.0,1.0,1.0,1.0,1.0,1.0,1.0,1.0,1.0,1.0,1.0,1.0,1.0,1.0,1.0,1.0,1.0,1.0,1.0,1.0,1.0,1.0,1.0,1.0,1.0,1.0,1.0,1.0,1.0,1.0,1.0,1.0,1.0,-2.220446049250313e-16,1.0,1.0,1.0,1.0,1.0,1.0,1.0,1.0,1.0,1.0,1.0,1.0,1.0,1.0,1.0,1.0,1.0,0.9673139774769693,1.0,1.0,1.0,1.0,1.0
Block_G60-G64,1.0,0.9974309521997428,1.0,1.0,1.0,1.0,1.0,1.0,1.0,1.0,1.0,1.0,1.0,1.0,1.0,1.0,1.0,1.0,1.0,1.0,1.0,1.0,1.0,1.0,1.0,1.0,1.0,1.0,1.0,1.0,1.0,1.0,0.8709005551264195,1.0,1.0,1.0,1.0,1.0,1.0,1.0,1.0,1.0,1.0,1.0,1.0,1.0,1.0,1.0,1.0,1.0,1.0,1.0,1.0,1.0,1.0,1.0,0.8924973068461117,1.0,1.0,1.0,1.0,1.0,1.0,1.0,1.0,1.0,1.0,1.0,0.8174258141649446,1.0,1.0,1.0,1.0,1.0,1.0,1.0,1.0,1.0,1.0,1.0,2.220446049250313e-16,1.0,1.0,1.0,1.0,1.0,1.0,1.0,1.0,1.0,1.0,1.0,1.0,1.0,1.0,0.9943763398531574,1.0,1.0,1.0,1.0,1.0,1.0,1.0
Block_I20-I25,1.0,0.9879438447486151,1.0,1.0,0.9753050660134138,0.9952835085695703,1.0,0.9892054201090483,1.0,1.0,1.0,1.0,1.0,0.9921599660449436,1.0,1.0,1.0,1.0,0.855751358621068,1.0,1.0,1.0,0.907914674162382,1.0,1.0,0.9478572253277927,1.0,1.0,1.0,1.0,1.0,1.0,0.9798051902069496,1.0,1.0,1.0,0.971440226101123,1.0,1.0,0.9975510195921763,1.0,1.0,1.0,1.0,1.0,1.0,1.0,1.0,1.0,0.9929690696975092,1.0,0.9164596101436122,1.0,1.0,1.0,1.0,1.0,0.996393049056194,1.0,1.0,1.0,0.721595903800982,1.0,1.0,1.0,1.0,1.0,1.0,1.0,1.0,1.0,1.0,1.0,1.0,1.0,1.0,1.0,1.0,1.0,1.0,1.0,5.551115123125783e-16,1.0,0.590496156988239,1.0,1.0,0.7893716674957822,1.0,1.0,1.0,1.0,1.0,1.0,1.0,1.0,1.0,1.0,0.7850584782266592,1.0,1.0,1.0,1.0,1.0
Block_L00-L08,1.0,0.9958506134764574,1.0,1.0,1.0,1.0,1.0,1.0,1.0,1.0,1.0,1.0,1.0,1.0,1.0,1.0,1.0,1.0,1.0,1.0,1.0,1.0,1.0,1.0,1.0,1.0,1.0,1.0,1.0,1.0,1.0,1.0,1.0,1.0,1.0,1.0,1.0,1.0,1.0,1.0,1.0,1.0,1.0,1.0,1.0,1.0,1.0,1.0,1.0,1.0,1.0,0.9300621393819765,1.0,1.0,1.0,1.0,1.0,1.0,1.0,1.0,1.0,0.9385776988972702,1.0,1.0,1.0,1.0,1.0,1.0,1.0,1.0,1.0,1.0,1.0,1.0,1.0,1.0,1.0,1.0,1.0,1.0,1.0,1.0,-2.220446049250313e-16,1.0,1.0,1.0,1.0,1.0,1.0,1.0,1.0,1.0,1.0,1.0,0.9674355195487082,1.0,1.0,1.0,1.0,1.0,1.0,1.0,1.0
Block_H40-H42,1.0,0.9991929582162056,1.0,1.0,0.8908964219075176,1.0,1.0,1.0,1.0,1.0,1.0,1.0,1.0,1.0,1.0,1.0,1.0,1.0,1.0,1.0,1.0,1.0,0.8720809990728033,1.0,1.0,1.0,1.0,1.0,1.0,1.0,1.0,1.0,1.0,1.0,1.0,1.0,1.0,1.0,1.0,1.0,1.0,1.0,0.9963357915996959,1.0,1.0,1.0,1.0,1.0,1.0,1.0,1.0,0.904781242173061,1.0,1.0,1.0,1.0,1.0,1.0,1.0,1.0,1.0,1.0,1.0,1.0,1.0,1.0,1.0,1.0,1.0,1.0,1.0,1.0,1.0,1.0,1.0,1.0,1.0,1.0,1.0,1.0,1.0,0.590496156988239,1.0,-2.220446049250313e-16,1.0,1.0,0.5770147406761515,1.0,1.0,1.0,1.0,1.0,1.0,1.0,1.0,1.0,1.0,1.0,1.0,0.9846715165128759,1.0,1.0,1.0
Block_G40-G47,0.991169784286233,0.9980851448270595,1.0,1.0,1.0,1.0,1.0,1.0,1.0,0.9248353971997171,1.0,1.0,1.0,1.0,1.0,1.0,1.0,1.0,1.0,1.0,1.0,1.0,1.0,1.0,1.0,1.0,1.0,1.0,1.0,1.0,1.0,1.0,1.0,1.0,1.0,1.0,1.0,1.0,1.0,1.0,1.0,1.0,1.0,1.0,1.0,1.0,1.0,1.0,1.0,1.0,0.9722222222222222,1.0,1.0,1.0,1.0,1.0,1.0,1.0,1.0,1.0,1.0,1.0,1.0,1.0,1.0,1.0,0.6783662395486615,1.0,1.0,1.0,1.0,1.0,1.0,0.35948738477965136,1.0,1.0,1.0,1.0,1.0,1.0,1.0,1.0,1.0,1.0,-4.440892098500626e-16,1.0,1.0,1.0,0.9503096005000047,1.0,1.0,1.0,1.0,1.0,1.0,1.0,1.0,1.0,1.0,1.0,1.0,1.0,1.0
Block_L80-L99,1.0,1.0,1.0,1.0,0.8007213867947256,1.0,1.0,1.0,1.0,1.0,1.0,1.0,1.0,1.0,1.0,1.0,1.0,1.0,1.0,1.0,1.0,1.0,1.0,1.0,0.9864534622106678,1.0,1.0,1.0,1.0,1.0,1.0,1.0,1.0,0.5873388948595857,1.0,1.0,1.0,0.9116461588326563,1.0,1.0,1.0,1.0,1.0,1.0,1.0,1.0,1.0,0.9844732476488866,1.0,1.0,1.0,1.0,1.0,0.9984461818311784,1.0,1.0,1.0,1.0,1.0,1.0,1.0,0.9964441058720851,1.0,1.0,1.0,1.0,1.0,1.0,1.0,1.0,1.0,1.0,1.0,1.0,1.0,1.0,1.0,1.0,1.0,1.0,1.0,1.0,1.0,1.0,1.0,-4.440892098500626e-16,1.0,1.0,1.0,1.0,1.0,1.0,1.0,1.0,1.0,1.0,1.0,1.0,1.0,1.0,1.0,1.0,1.0
Block_H25-H28,1.0,0.9938438262371441,1.0,1.0,0.9837873362062332,0.9655948823398013,1.0,1.0,1.0,1.0,1.0,1.0,1.0,0.9954849808213136,1.0,1.0,1.0,1.0,1.0,1.0,0.9926653655138691,1.0,0.9196954948532126,1.0,1.0,1.0,1.0,1.0,1.0,1.0,1.0,1.0,1.0,1.0,1.0,1.0,1.0,1.0,1.0,1.0,1.0,1.0,1.0,1.0,1.0,1.0,1.0,1.0,1.0,1.0,1.0,0.8764735288996727,1.0,0.9893812556317254,1.0,1.0,0.9966544517026739,0.9986844291625809,1.0,1.0,1.0,1.0,1.0,1.0,1.0,1.0,0.9343467835701387,1.0,1.0,1.0,1.0,0.5256583509747432,1.0,1.0,1.0,1.0,1.0,1.0,1.0,1.0,1.0,0.7893716674957822,1.0,0.5770147406761515,1.0,1.0,2.220446049250313e-16,1.0,1.0,1.0,1.0,1.0,1.0,1.0,1.0,1.0,1.0,0.9599679615487282,1.0,1.0,1.0,1.0,1.0
Block_H55-H59,1.0,1.0,1.0,1.0,1.0,1.0,1.0,1.0,1.0,1.0,1.0,1.0,1.0,0.9980338678814824,1.0,1.0,1.0,1.0,1.0,1.0,1.0,1.0,1.0,1.0,1.0,1.0,1.0,1.0,1.0,1.0,1.0,1.0,1.0,1.0,1.0,1.0,1.0,1.0,1.0,1.0,1.0,1.0,1.0,1.0,1.0,1.0,1.0,1.0,1.0,1.0,1.0,1.0,1.0,1.0,1.0,1.0,1.0,1.0,1.0,1.0,1.0,0.996220652206998,1.0,1.0,1.0,1.0,1.0,1.0,1.0,1.0,1.0,1.0,1.0,1.0,1.0,1.0,1.0,1.0,0.37037037037037035,1.0,1.0,1.0,1.0,1.0,1.0,1.0,1.0,0.0,1.0,1.0,1.0,1.0,1.0,1.0,1.0,1.0,1.0,1.0,1.0,0.09075879068336534,1.0,1.0,1.0
Block_N25-N29,1.0,1.0,1.0,0.9842573358481712,1.0,1.0,1.0,1.0,1.0,1.0,1.0,1.0,1.0,1.0,1.0,1.0,1.0,1.0,1.0,1.0,1.0,1.0,1.0,1.0,1.0,1.0,1.0,1.0,1.0,1.0,1.0,1.0,1.0,1.0,1.0,1.0,1.0,1.0,1.0,1.0,1.0,1.0,1.0,1.0,1.0,0.9534379802820281,1.0,1.0,1.0,1.0,1.0,1.0,1.0,1.0,0.9333333333333333,1.0,0.9609081115804042,1.0,1.0,1.0,1.0,0.9695768371272411,1.0,1.0,1.0,1.0,1.0,1.0,1.0,1.0,1.0,1.0,1.0,1.0,1.0,1.0,1.0,1.0,1.0,1.0,1.0,1.0,1.0,1.0,0.9503096005000047,1.0,1.0,1.0,2.220446049250313e-16,1.0,1.0,1.0,1.0,1.0,1.0,1.0,1.0,1.0,1.0,1.0,1.0,1.0,1.0
Block_M70-M79,1.0,0.9973920250156317,1.0,1.0,1.0,0.9863964462875948,1.0,1.0,1.0,1.0,1.0,0.7733480703691534,1.0,0.9973221873625132,1.0,1.0,1.0,1.0,1.0,1.0,0.996374918145231,1.0,0.9955068115654193,1.0,1.0,1.0,1.0,1.0,1.0,1.0,1.0,1.0,1.0,1.0,1.0,1.0,1.0,1.0,1.0,0.9364286921562807,1.0,1.0,0.9407951110004781,1.0,1.0,0.9369766065938391,1.0,1.0,1.0,1.0,1.0,1.0,1.0,0.9865045623736515,1.0,1.0,1.0,1.0,1.0,1.0,1.0,0.9553895666789488,1.0,0.9752328179993565,1.0,1.0,0.9351028918926666,1.0,1.0,1.0,1.0,1.0,1.0,1.0,0.9723710518002231,1.0,1.0,1.0,1.0,1.0,1.0,1.0,1.0,1.0,1.0,1.0,1.0,1.0,1.0,-6.661338147750939e-16,1.0,1.0,1.0,1.0,1.0,0.9942911280272458,1.0,0.9901072496200374,0.9847133633927195,1.0,1.0,1.0,1.0
Block_D80-D89,1.0,0.8993483716563383,1.0,0.7078433612494461,1.0,1.0,1.0,1.0,1.0,1.0,1.0,1.0,1.0,0.8857744482428522,1.0,1.0,1.0,1.0,1.0,1.0,0.9815913640524424,1.0,0.8798304994199302,0.7479250200923178,0.6547929029866029,1.0,1.0,1.0,0.7940385461812844,1.0,1.0,1.0,1.0,1.0,1.0,1.0,1.0,1.0,1.0,1.0,1.0,0.9892785665600276,1.0,1.0,1.0,1.0,1.0,1.0,1.0,1.0,1.0,1.0,1.0,0.8873036189738861,1.0,1.0,1.0,0.9722644580172947,1.0,1.0,1.0,1.0,1.0,1.0,1.0,1.0,1.0,1.0,1.0,1.0,1.0,1.0,1.0,1.0,1.0,1.0,1.0,1.0,1.0,1.0,1.0,1.0,1.0,1.0,1.0,1.0,1.0,1.0,1.0,1.0,0.0,1.0,1.0,1.0,1.0,1.0,1.0,1.0,1.0,1.0,0.9908959143075722,1.0,1.0
Block_H49-H52,1.0,1.0,1.0,1.0,1.0,0.941974114681434,1.0,1.0,1.0,1.0,1.0,0.7997378923042815,1.0,1.0,1.0,1.0,1.0,1.0,1.0,1.0,1.0,1.0,1.0,1.0,1.0,1.0,1.0,1.0,1.0,1.0,1.0,1.0,1.0,1.0,1.0,1.0,1.0,1.0,1.0,1.0,1.0,1.0,1.0,1.0,1.0,1.0,1.0,1.0,1.0,1.0,1.0,1.0,1.0,0.9948831362903111,1.0,1.0,1.0,1.0,1.0,1.0,1.0,1.0,1.0,1.0,1.0,1.0,1.0,1.0,1.0,1.0,1.0,1.0,1.0,1.0,1.0,1.0,0.7565677522199261,1.0,1.0,1.0,1.0,1.0,1.0,1.0,1.0,1.0,1.0,1.0,1.0,1.0,1.0,1.1102230246251565e-16,1.0,1.0,1.0,1.0,1.0,1.0,1.0,1.0,1.0,1.0,1.0
Block_J09-J18,1.0,0.984957196385924,1.0,1.0,1.0,1.0,1.0,1.0,1.0,0.9753966084347439,1.0,1.0,1.0,0.9980692965872734,1.0,1.0,1.0,1.0,1.0,1.0,1.0,1.0,1.0,1.0,1.0,1.0,1.0,1.0,1.0,1.0,1.0,1.0,1.0,1.0,1.0,1.0,1.0,1.0,1.0,1.0,1.0,1.0,0.9914626527904686,1.0,1.0,1.0,1.0,1.0,0.9711804791147882,1.0,1.0,1.0,1.0,1.0,1.0,1.0,1.0,0.9971871912333408,1.0,1.0,1.0,1.0,1.0,1.0,1.0,1.0,1.0,1.0,1.0,1.0,0.960594479688045,1.0,1.0,1.0,1.0,1.0,1.0,1.0,1.0,1.0,1.0,1.0,1.0,1.0,1.0,1.0,1.0,1.0,1.0,1.0,1.0,1.0,2.220446049250313e-16,1.0,1.0,1.0,0.6190476190476193,1.0,1.0,1.0,1.0,1.0,1.0
Block_G20-G26,1.0,1.0,1.0,1.0,1.0,1.0,1.0,1.0,1.0,1.0,1.0,1.0,1.0,1.0,1.0,1.0,1.0,1.0,1.0,1.0,0.9930848402897762,1.0,1.0,1.0,1.0,1.0,1.0,1.0,1.0,1.0,1.0,1.0,1.0,1.0,1.0,1.0,1.0,1.0,1.0,1.0,1.0,1.0,1.0,1.0,1.0,1.0,1.0,1.0,1.0,1.0,1.0,1.0,1.0,1.0,1.0,1.0,1.0,1.0,1.0,1.0,1.0,1.0,1.0,1.0,1.0,0.9059279131616402,1.0,1.0,1.0,1.0,1.0,1.0,1.0,1.0,1.0,1.0,1.0,1.0,0.9037749551350623,1.0,1.0,1.0,1.0,1.0,1.0,1.0,1.0,1.0,1.0,1.0,1.0,1.0,1.0,0.0,1.0,1.0,1.0,1.0,1.0,1.0,1.0,1.0,1.0
Block_G30-G32,1.0,1.0,1.0,1.0,1.0,1.0,0.913370383635158,1.0,1.0,1.0,1.0,1.0,1.0,1.0,1.0,1.0,1.0,1.0,1.0,0.9887437765779568,1.0,1.0,1.0,1.0,1.0,1.0,1.0,1.0,1.0,1.0,1.0,1.0,1.0,1.0,1.0,1.0,1.0,1.0,1.0,1.0,1.0,1.0,1.0,1.0,1.0,1.0,1.0,1.0,0.19024663600978042,1.0,1.0,1.0,1.0,0.9919590115731161,1.0,1.0,0.98226620780652,1.0,1.0,1.0,1.0,1.0,1.0,1.0,1.0,1.0,1.0,1.0,0.8895684739251535,1.0,1.0,1.0,1.0,1.0,1.0,1.0,1.0,1.0,1.0,1.0,1.0,1.0,0.9674355195487082,1.0,1.0,1.0,1.0,1.0,1.0,1.0,1.0,1.0,1.0,1.0,-4.440892098500626e-16,1.0,1.0,0.7259104559202254,1.0,1.0,1.0,1.0,1.0
Block_M05-M14,0.9840103898709726,0.733227803812193,1.0,0.9747685529962066,0.8461899236361446,0.9898264160060627,0.9879184399669098,1.0,1.0,1.0,1.0,0.9989910451358818,1.0,0.7596838088330821,0.9874251136293036,1.0,1.0,1.0,0.98133113534847,0.9984301819086148,0.484898259111208,1.0,0.550841782635517,1.0,0.9923958668963574,1.0,0.9721384927792351,1.0,0.9425526719655213,1.0,1.0,1.0,1.0,1.0,1.0,1.0,1.0,1.0,1.0,0.9986793727792149,1.0,0.9802630212115849,0.9704819331858798,1.0,1.0,0.9980361326901666,0.8524876830943505,1.0,1.0,1.0,1.0,1.0,0.9636994298442473,0.5413415805257862,1.0,1.0,1.0,0.8531472372407343,1.0,1.0,1.0,0.8430253575201115,1.0,0.8353560895737575,1.0,0.9979510777672156,1.0,0.9967886637560186,1.0,1.0,1.0,1.0,1.0,1.0,0.9724498043068212,1.0,1.0,1.0,1.0,1.0,0.9943763398531574,1.0,1.0,1.0,1.0,1.0,1.0,1.0,1.0,0.9942911280272458,1.0,1.0,1.0,1.0,1.0,1.2212453270876722e-15,0.9972559348262293,1.0,0.7650027609009427,1.0,0.8458114995266561,1.0,1.0
Block_N17-N19,0.9884385337396784,0.9686608258040086,1.0,1.0,1.0,0.9068224346633875,1.0,1.0,0.9674699975683823,1.0,1.0,0.9941637112972436,1.0,0.9716830166133431,1.0,1.0,1.0,1.0,1.0,1.0,0.9965150870724675,1.0,0.9503262912338173,0.9947367692068249,0.9874325636485431,1.0,1.0,1.0,0.938856163491149,1.0,1.0,1.0,1.0,1.0,1.0,1.0,1.0,1.0,1.0,1.0,0.9843730923020502,0.84016431795286,1.0,1.0,1.0,1.0,1.0,1.0,1.0,1.0,1.0,1.0,1.0,1.0,0.9674699975683823,1.0,1.0,0.9962495883111211,1.0,1.0,1.0,0.9628875414164368,1.0,1.0,1.0,1.0,1.0,1.0,1.0,0.8908910548820038,1.0,1.0,1.0,1.0,1.0,1.0,1.0,1.0,1.0,1.0,1.0,1.0,1.0,1.0,1.0,1.0,1.0,1.0,1.0,1.0,1.0,1.0,0.6190476190476193,1.0,1.0,0.9972559348262293,2.220446049250313e-16,1.0,1.0,1.0,1.0,1.0,1.0
Block_E70-E90,1.0,0.9994366990062004,1.0,1.0,0.9982692640522943,1.0,1.0,1.0,1.0,1.0,1.0,0.7797027728877244,1.0,0.9982648439548537,1.0,1.0,0.9842981426744668,0.9641942562980284,1.0,0.9857184488250504,0.9992170123472671,0.9508454115059466,0.9941770511012591,0.9976349224154318,1.0,1.0,1.0,1.0,0.9892487159412668,1.0,1.0,1.0,0.9716930741463851,1.0,1.0,1.0,1.0,1.0,1.0,1.0,1.0,1.0,1.0,1.0,1.0,0.9234295135210389,1.0,0.9902908045327423,0.6978263993768878,1.0,1.0,0.9556926526900896,1.0,1.0,1.0,1.0,0.9935714023322009,0.9974720808472511,1.0,1.0,1.0,0.8676973917725748,1.0,1.0,1.0,1.0,0.9684612149851615,1.0,1.0,1.0,1.0,1.0,1.0,1.0,1.0,1.0,1.0,1.0,1.0,0.9673139774769693,1.0,0.7850584782266592,1.0,1.0,1.0,1.0,0.9599679615487282,1.0,1.0,0.9901072496200374,1.0,1.0,1.0,1.0,0.7259104559202254,1.0,1.0,8.881784197001252e-16,1.0,1.0,1.0,1.0,1.0
Block_D00-D09,0.9625365675367322,0.8682744542906132,1.0,1.0,0.978604832444315,0.9954597019559733,1.0,1.0,0.9849415349515791,1.0,1.0,1.0,1.0,0.8409139216680438,1.0,1.0,1.0,1.0,1.0,1.0,0.7991564484668895,1.0,0.8090460143664744,1.0,0.9912736111174067,1.0,0.9253952903047009,1.0,0.8892448401404545,0.993438354111791,1.0,1.0,1.0,1.0,1.0,1.0,1.0,0.977233740774583,1.0,1.0,1.0,0.9436270144380583,1.0,1.0,1.0,1.0,0.8780557054458591,1.0,1.0,1.0,0.9831641242574631,1.0,0.9027980260800326,0.7237415775059195,1.0,0.9901419205808235,0.9977925106170878,0.9756945543320978,1.0,1.0,0.9872732741946465,0.987401531293499,1.0,0.7189474697119039,1.0,1.0,1.0,0.9914010104938736,1.0,1.0,1.0,1.0,1.0,1.0,0.9262288886436683,1.0,1.0,1.0,0.9887760828383088,1.0,1.0,1.0,1.0,1.0,1.0,1.0,1.0,1.0,1.0,0.9847133633927195,1.0,1.0,1.0,1.0,1.0,0.7650027609009427,1.0,1.0,-4.440892098500626e-16,1.0,0.9640982364321404,1.0,1.0
Block_B00-B09,1.0,1.0,1.0,1.0,1.0,1.0,1.0,1.0,1.0,1.0,1.0,1.0,1.0,1.0,1.0,1.0,1.0,1.0,1.0,1.0,1.0,1.0,1.0,1.0,1.0,1.0,1.0,1.0,1.0,1.0,1.0,1.0,1.0,1.0,1.0,1.0,1.0,1.0,1.0,1.0,1.0,1.0,1.0,1.0,1.0,1.0,1.0,1.0,1.0,1.0,1.0,1.0,1.0,0.9967565956486678,1.0,1.0,1.0,1.0,1.0,1.0,1.0,0.9962887541416436,1.0,1.0,1.0,1.0,1.0,1.0,1.0,1.0,1.0,1.0,1.0,1.0,1.0,1.0,1.0,1.0,0.38171597766468834,1.0,1.0,1.0,1.0,0.9846715165128759,1.0,1.0,1.0,0.09075879068336534,1.0,1.0,1.0,1.0,1.0,1.0,1.0,1.0,1.0,1.0,1.0,3.3306690738754696e-16,1.0,1.0,1.0
Block_H30-H36,0.981169953873686,0.9897916391851375,1.0,0.9937444995833484,0.8118095594656585,1.0,1.0,1.0,1.0,1.0,1.0,1.0,1.0,0.9895182746146298,1.0,1.0,1.0,1.0,1.0,1.0,0.9077675458692851,1.0,0.87688661771296,0.9957139139458006,0.984648655227261,1.0,0.9125042721480385,1.0,0.9783512252670337,1.0,1.0,1.0,1.0,1.0,1.0,1.0,1.0,1.0,1.0,1.0,0.9745486094809689,0.9442165429204185,1.0,1.0,1.0,1.0,0.9953364620359766,1.0,1.0,1.0,1.0,1.0,1.0,0.8785024840418486,1.0,1.0,1.0,0.9938917414535366,1.0,1.0,1.0,1.0,1.0,1.0,1.0,1.0,1.0,0.9848727744795988,1.0,1.0,1.0,1.0,0.6992073962408809,1.0,1.0,1.0,1.0,1.0,1.0,1.0,1.0,1.0,1.0,1.0,1.0,1.0,1.0,1.0,1.0,1.0,0.9908959143075722,1.0,1.0,1.0,1.0,0.8458114995266561,1.0,1.0,0.9640982364321404,1.0,2.220446049250313e-16,1.0,1.0
Block_K65-K67,1.0,1.0,1.0,1.0,1.0,1.0,1.0,1.0,1.0,1.0,1.0,0.7728773868303562,1.0,1.0,1.0,1.0,1.0,1.0,1.0,1.0,1.0,1.0,1.0,1.0,1.0,1.0,1.0,1.0,1.0,1.0,1.0,1.0,1.0,1.0,1.0,1.0,1.0,1.0,1.0,1.0,1.0,1.0,0.9911403761007708,1.0,1.0,1.0,1.0,1.0,1.0,1.0,1.0,1.0,1.0,1.0,1.0,1.0,1.0,1.0,1.0,1.0,1.0,1.0,1.0,1.0,1.0,1.0,1.0,1.0,1.0,1.0,1.0,1.0,1.0,1.0,1.0,1.0,1.0,1.0,1.0,1.0,1.0,1.0,1.0,1.0,1.0,1.0,1.0,1.0,1.0,1.0,1.0,1.0,1.0,1.0,1.0,1.0,1.0,1.0,1.0,1.0,1.0,1.1102230246251565e-16,1.0
Block_N20-N23,1.0,1.0,1.0,1.0,0.9837873362062332,1.0,1.0,1.0,1.0,1.0,1.0,1.0,1.0,1.0,1.0,1.0,1.0,1.0,1.0,1.0,1.0,1.0,1.0,1.0,1.0,1.0,1.0,1.0,1.0,1.0,1.0,1.0,1.0,1.0,1.0,1.0,1.0,1.0,1.0,1.0,1.0,1.0,1.0,1.0,1.0,1.0,1.0,1.0,1.0,1.0,1.0,1.0,1.0,0.924151825940896,1.0,1.0,1.0,0.9973688583251618,1.0,1.0,0.961424162509477,1.0,1.0,1.0,1.0,1.0,1.0,1.0,1.0,1.0,1.0,1.0,1.0,1.0,1.0,0.882148869802242,1.0,1.0,1.0,1.0,1.0,1.0,1.0,1.0,1.0,1.0,1.0,1.0,1.0,1.0,1.0,1.0,1.0,1.0,1.0,1.0,1.0,1.0,1.0,1.0,1.0,1.0,1.1102230246251565e-16
