,Block_G50-G59,Block_E00-E07,Block_M91-M94,Block_M80-M85,Block_C43-C44,Block_M15-M19,Block_N30-N39,Block_M65-M68,Block_D70-D77,Block_B95-B98,Block_K00-K14,Block_K80-K87,Block_C64-C68,Block_K90-K93,Block_J80-J84,Block_F20-F29,Block_F30-F39,Block_J90-J94,Block_F40-F48,Block_E65-E68,Block_G35-G37,Block_J95-J99,Block_E10-E14,Block_J00-J06,Block_B35-B49,Block_C81-C96,Block_M60-M63,Block_K70-K77,Block_M95-M99,Block_D60-D64,Block_L60-L75,Block_C15-C26,Block_D65-D69,Block_I70-I79,Block_L20-L30,Block_L50-L54,Block_D37-D48,Block_M40-M43,Block_L55-L59,Block_A30-A49,Block_K20-K31,Block_E20-E35,Block_D50-D53,Block_M20-M25,Block_H65-H75,Block_M50-M54,Block_F10-F19,Block_K55-K64,Block_N00-N08,Block_F00-F09,Block_M45-M49,Block_G90-G99,Block_I80-I89,Block_J20-J22,Block_J40-J47,Block_K35-K38,Block_K50-K52,Block_K40-K46,Block_L40-L45,Block_I60-I69,Block_A00-A09,Block_I30-I52,Block_I10-I15,Block_H53-H54,Block_J30-J39,Block_G80-G83,Block_N10-N16,Block_I26-I28,Block_E50-E64,Block_I95-I99,Block_H80-H83,Block_C30-C39,Block_M86-M90,Block_H60-H62,Block_H10-H13,Block_H15-H22,Block_I05-I09,Block_H43-H45,Block_H00-H06,Block_B25-B34,Block_G60-G64,Block_I20-I25,Block_L00-L08,Block_H40-H42,Block_G40-G47,Block_L80-L99,Block_H25-H28,Block_H55-H59,Block_N25-N29,Block_M70-M79,Block_D80-D89,Block_H49-H52,Block_J09-J18,Block_G20-G26,Block_G30-G32,Block_M05-M14,Block_N17-N19,Block_E70-E90,Block_D00-D09,Block_B00-B09,Block_H30-H36,Block_K65-K67,Block_N20-N23
Block_G50-G59,-4.440892098500626e-16,0.9346995388278713,1.0,1.0,1.0,0.958384907392791,1.0,1.0,1.0,1.0,1.0,1.0,1.0,0.9307473835673891,1.0,1.0,1.0,1.0,1.0,0.9651315978122796,1.0,1.0,0.9427104836399247,1.0,1.0,1.0,1.0,1.0,1.0,0.8410386862278841,1.0,1.0,1.0,1.0,1.0,1.0,1.0,1.0,1.0,1.0,0.9394328589359783,1.0,0.6499240204050531,1.0,1.0,0.9484289376870604,1.0,1.0,1.0,1.0,1.0,1.0,1.0,1.0,0.9538542614837774,1.0,1.0,1.0,0.9976100548575737,1.0,1.0,0.9878340187065505,1.0,1.0,0.9946086747798574,1.0,1.0,1.0,1.0,1.0,1.0,1.0,0.9448682153580029,1.0,1.0,1.0,1.0,1.0,1.0,1.0,1.0,1.0,1.0,1.0,1.0,1.0,0.9845165801555047,1.0,1.0,1.0,1.0,1.0,1.0,1.0,1.0,1.0,1.0,1.0,1.0,1.0,0.8319581523692612,1.0,1.0
Block_E00-E07,0.9346995388278713,3.3306690738754696e-16,1.0,1.0,0.8605697816233444,1.0,0.7817513739051318,1.0,1.0,1.0,1.0,0.9904078914428756,1.0,0.5698799437674081,1.0,1.0,0.9970895656514751,1.0,1.0,1.0,0.7354771668049254,1.0,0.6156569405262721,1.0,0.9900589741743693,0.9509573536492524,1.0,1.0,1.0,0.6583335013739231,0.907766400172498,1.0,1.0,0.8579240306769611,1.0,1.0,1.0,1.0,0.9632697116570945,1.0,1.0,1.0,0.8570875969824224,0.9293837217013874,1.0,1.0,1.0,1.0,1.0,1.0,0.9468473556020542,0.9963290329277772,0.9724490946968165,0.9930972988587048,0.6909437582509221,0.996932132826091,0.9950804680544724,0.7998635647019761,0.8191632387179708,0.9985289360734847,1.0,0.9985638893505205,0.9039393578527145,1.0,0.9198124704070961,1.0,1.0,1.0,1.0,1.0,1.0,1.0,1.0,1.0,1.0,1.0,0.9964853166133729,1.0,1.0,1.0,0.9822169523902471,0.9468774575430863,1.0,1.0,1.0,1.0,0.9753258945167304,1.0,1.0,1.0,0.8170223415726268,1.0,1.0,1.0,1.0,0.8992269827178572,1.0,0.999599139148961,1.0,1.0,0.8189947884006986,1.0,1.0
Block_M91-M94,1.0,1.0,0.0,1.0,1.0,1.0,1.0,1.0,1.0,1.0,1.0,1.0,1.0,1.0,1.0,1.0,1.0,1.0,1.0,1.0,1.0,1.0,1.0,1.0,1.0,1.0,1.0,1.0,1.0,1.0,1.0,1.0,1.0,1.0,1.0,1.0,1.0,1.0,1.0,1.0,1.0,1.0,1.0,1.0,1.0,1.0,1.0,1.0,1.0,1.0,1.0,1.0,1.0,1.0,1.0,1.0,1.0,1.0,1.0,1.0,1.0,1.0,0.9802164352937768,1.0,1.0,1.0,1.0,1.0,1.0,1.0,1.0,1.0,1.0,1.0,1.0,1.0,1.0,1.0,1.0,1.0,1.0,1.0,1.0,1.0,1.0,1.0,1.0,1.0,1.0,1.0,1.0,1.0,1.0,1.0,1.0,1.0,1.0,1.0,1.0,1.0,1.0,1.0,1.0
Block_M80-M85,1.0,1.0,1.0,0.0,1.0,1.0,1.0,1.0,1.0,1.0,1.0,1.0,1.0,1.0,1.0,1.0,0.5080479629855275,1.0,1.0,1.0,1.0,1.0,1.0,1.0,1.0,1.0,1.0,1.0,1.0,1.0,1.0,1.0,1.0,1.0,1.0,1.0,1.0,1.0,1.0,1.0,1.0,1.0,1.0,1.0,1.0,1.0,1.0,1.0,1.0,1.0,1.0,1.0,1.0,1.0,1.0,1.0,1.0,0.9820439743283554,1.0,0.9792787831481088,1.0,1.0,0.9952017807685294,1.0,1.0,1.0,1.0,1.0,1.0,1.0,1.0,1.0,1.0,1.0,1.0,1.0,1.0,1.0,1.0,1.0,1.0,1.0,1.0,1.0,1.0,1.0,1.0,1.0,1.0,1.0,1.0,1.0,1.0,1.0,1.0,1.0,1.0,1.0,1.0,1.0,1.0,1.0,1.0
Block_C43-C44,1.0,0.8605697816233444,1.0,1.0,3.1086244689504383e-15,1.0,0.9362755263969541,1.0,1.0,0.9972192166653581,1.0,1.0,1.0,0.9430704730911934,1.0,1.0,1.0,1.0,1.0,1.0,0.7033629980448128,1.0,0.7843254410476762,1.0,1.0,1.0,0.8967733672693039,1.0,1.0,0.9301369068606454,0.9777032625571419,0.9904566944281022,1.0,0.9788013762039034,1.0,1.0,0.97412725551659,1.0,0.6621936999780786,1.0,0.9966375868043046,0.9766237708893908,0.9898777958727636,0.9923653555424817,0.9797555917455271,0.9910531510263458,1.0,0.9985427756073844,1.0,1.0,0.9965281126273106,1.0,1.0,1.0,0.5523587593759751,1.0,0.9855397083896622,1.0,0.8301709777501866,1.0,1.0,0.9898689977797273,0.9807756850892049,1.0,0.85857983146383,1.0,0.9392667752365813,1.0,1.0,1.0,0.9848166938091453,0.9961039618148985,1.0,1.0,0.9958676274693294,1.0,1.0,1.0,0.8719384999572845,1.0,1.0,0.9601071002017402,1.0,0.8729123658020936,1.0,0.8751075775366333,0.9677661511557527,1.0,1.0,1.0,0.9967890279863729,1.0,1.0,1.0,1.0,0.9430194320992848,1.0,0.9359018035300062,0.937274995181282,1.0,0.9144848830055775,1.0,1.0
Block_M15-M19,0.958384907392791,1.0,1.0,1.0,1.0,-3.552713678800501e-15,0.9839633763508695,1.0,1.0,1.0,1.0,1.0,1.0,1.0,1.0,0.9764689597332494,1.0,1.0,1.0,0.9488504245397145,1.0,1.0,0.9919962070820645,1.0,1.0,1.0,1.0,1.0,0.9567707186721823,0.975941184738788,1.0,1.0,1.0,1.0,1.0,1.0,1.0,1.0,1.0,1.0,0.9898459567716864,1.0,1.0,0.7041195855784931,1.0,0.7874560334715632,0.9942360958229577,0.9970662500185056,1.0,1.0,0.9883503991480959,0.9652423500312515,1.0,1.0,0.900242394083289,1.0,1.0,0.9909477260743111,1.0,1.0,1.0,1.0,0.9024355338685016,1.0,0.9939743180453399,1.0,1.0,1.0,1.0,1.0,1.0,1.0,1.0,1.0,1.0,1.0,1.0,1.0,1.0,1.0,1.0,0.9983774911484904,1.0,1.0,0.9776064054434271,1.0,0.978368453083476,1.0,1.0,0.759573850059066,1.0,1.0,1.0,1.0,1.0,0.9544778358897303,1.0,0.9990511368753472,1.0,1.0,1.0,0.9694127686400554,1.0
Block_N30-N39,1.0,0.7817513739051318,1.0,1.0,0.9362755263969541,0.9839633763508695,1.1102230246251565e-15,1.0,1.0,0.996139485283409,1.0,1.0,1.0,0.8891466899831703,1.0,1.0,0.9619951421936476,1.0,1.0,1.0,0.9981858318992329,1.0,0.965504912275051,0.9874310747040025,1.0,0.9366265174097328,1.0,1.0,1.0,0.8940769761771212,0.6538759263585794,1.0,0.9750146554702982,1.0,1.0,1.0,0.994868757734941,1.0,1.0,1.0,1.0,1.0,0.9887580114536132,0.9708526167710373,1.0,1.0,1.0,1.0,1.0,1.0,1.0,1.0,1.0,1.0,0.9424407419130222,1.0,1.0,0.36051922617514653,0.9875667755791321,1.0,1.0,1.0,0.996663900882489,1.0,1.0,1.0,0.9156850859020986,1.0,1.0,1.0,1.0,1.0,0.9893773193087229,1.0,1.0,1.0,1.0,1.0,1.0,1.0,1.0,0.9988811587557811,1.0,1.0,1.0,1.0,0.9179588649752576,1.0,1.0,1.0,0.7470233445703041,1.0,1.0,1.0,1.0,0.963586511941106,1.0,0.9986913757690848,1.0,1.0,1.0,1.0,0.9976819410308989
Block_M65-M68,1.0,1.0,1.0,1.0,1.0,1.0,1.0,3.3306690738754696e-16,1.0,1.0,1.0,1.0,1.0,1.0,1.0,1.0,1.0,1.0,1.0,1.0,1.0,1.0,1.0,1.0,1.0,1.0,1.0,1.0,1.0,1.0,1.0,1.0,1.0,1.0,1.0,1.0,1.0,1.0,1.0,1.0,1.0,0.8908910548820038,1.0,1.0,1.0,0.9665923447609469,1.0,1.0,1.0,1.0,1.0,1.0,1.0,1.0,1.0,1.0,1.0,1.0,1.0,1.0,1.0,1.0,0.9775675461747051,1.0,1.0,1.0,1.0,1.0,1.0,1.0,1.0,1.0,1.0,1.0,1.0,1.0,1.0,1.0,1.0,0.4654775161751513,1.0,1.0,1.0,1.0,1.0,1.0,1.0,1.0,1.0,1.0,1.0,1.0,1.0,1.0,1.0,1.0,1.0,0.9824012107550515,1.0,1.0,1.0,1.0,1.0
Block_D70-D77,1.0,1.0,1.0,1.0,1.0,1.0,1.0,1.0,-2.220446049250313e-16,1.0,1.0,1.0,0.5635642195280153,1.0,1.0,1.0,1.0,1.0,1.0,1.0,1.0,1.0,1.0,1.0,1.0,1.0,1.0,1.0,1.0,1.0,1.0,1.0,1.0,1.0,1.0,1.0,1.0,1.0,1.0,1.0,1.0,1.0,1.0,1.0,1.0,1.0,1.0,1.0,1.0,1.0,1.0,1.0,1.0,1.0,1.0,1.0,0.9175213901157677,1.0,1.0,1.0,1.0,1.0,1.0,1.0,1.0,1.0,1.0,1.0,1.0,1.0,1.0,1.0,1.0,1.0,1.0,1.0,1.0,1.0,1.0,1.0,1.0,1.0,1.0,1.0,1.0,1.0,1.0,1.0,1.0,1.0,1.0,1.0,1.0,1.0,1.0,1.0,1.0,1.0,1.0,1.0,1.0,1.0,1.0
Block_B95-B98,1.0,1.0,1.0,1.0,0.9972192166653581,1.0,0.996139485283409,1.0,1.0,1.1102230246251565e-16,1.0,1.0,1.0,1.0,1.0,1.0,1.0,1.0,1.0,1.0,1.0,1.0,1.0,1.0,1.0,1.0,1.0,1.0,1.0,1.0,1.0,1.0,1.0,1.0,1.0,1.0,1.0,1.0,1.0,1.0,1.0,1.0,1.0,0.974099043670473,1.0,1.0,1.0,1.0,1.0,1.0,1.0,1.0,1.0,1.0,1.0,1.0,1.0,1.0,1.0,1.0,1.0,1.0,1.0,0.4590253677019184,1.0,1.0,1.0,1.0,1.0,1.0,1.0,1.0,0.9480825868348834,1.0,1.0,1.0,1.0,1.0,1.0,1.0,1.0,1.0,0.862639436051311,1.0,1.0,1.0,1.0,1.0,1.0,0.9637182300933934,1.0,1.0,1.0,1.0,1.0,1.0,1.0,0.977614751495323,1.0,1.0,1.0,1.0,1.0
Block_K00-K14,1.0,1.0,1.0,1.0,1.0,1.0,1.0,1.0,1.0,1.0,-6.661338147750939e-16,1.0,1.0,1.0,1.0,1.0,1.0,1.0,1.0,1.0,1.0,1.0,1.0,1.0,1.0,1.0,1.0,1.0,1.0,1.0,1.0,1.0,1.0,1.0,1.0,1.0,0.8594543262147387,1.0,1.0,1.0,1.0,1.0,1.0,1.0,1.0,1.0,1.0,1.0,1.0,1.0,1.0,1.0,1.0,1.0,1.0,1.0,1.0,1.0,1.0,1.0,1.0,1.0,1.0,1.0,1.0,1.0,1.0,0.9783476732512789,1.0,1.0,1.0,1.0,1.0,1.0,1.0,1.0,1.0,0.8075499102701247,1.0,1.0,1.0,1.0,1.0,1.0,1.0,1.0,1.0,1.0,1.0,1.0,1.0,1.0,1.0,1.0,1.0,1.0,1.0,1.0,1.0,1.0,1.0,1.0,0.6666666666666667
Block_K80-K87,1.0,0.9904078914428756,1.0,1.0,1.0,1.0,1.0,1.0,1.0,1.0,1.0,7.771561172376096e-16,1.0,1.0,1.0,1.0,1.0,1.0,1.0,1.0,1.0,1.0,0.9939222358947375,1.0,0.9463943732581103,1.0,1.0,1.0,1.0,0.9957840045249412,1.0,1.0,1.0,1.0,1.0,1.0,1.0,1.0,1.0,1.0,1.0,1.0,1.0,1.0,1.0,1.0,1.0,1.0,1.0,1.0,0.9946922520391793,1.0,1.0,1.0,1.0,1.0,1.0,0.9472997998026172,1.0,1.0,1.0,1.0,0.908157106538257,1.0,1.0,1.0,1.0,0.9582152843517265,1.0,1.0,1.0,1.0,1.0,1.0,1.0,1.0,1.0,1.0,1.0,1.0,1.0,0.9815189632728787,1.0,1.0,1.0,1.0,0.9901443147713674,1.0,1.0,1.0,1.0,1.0,1.0,1.0,1.0,1.0,1.0,0.8270730000452932,1.0,1.0,1.0,1.0,1.0
Block_C64-C68,1.0,1.0,1.0,1.0,1.0,1.0,1.0,1.0,0.5635642195280153,1.0,1.0,1.0,2.220446049250313e-16,1.0,1.0,1.0,1.0,1.0,1.0,1.0,1.0,1.0,0.9814439694905289,1.0,1.0,1.0,1.0,1.0,1.0,1.0,1.0,1.0,1.0,1.0,1.0,1.0,1.0,1.0,1.0,1.0,1.0,1.0,1.0,1.0,1.0,1.0,1.0,1.0,1.0,1.0,1.0,1.0,0.936339298592077,1.0,1.0,1.0,1.0,1.0,1.0,1.0,1.0,1.0,1.0,1.0,1.0,1.0,1.0,1.0,1.0,1.0,1.0,1.0,1.0,1.0,1.0,1.0,1.0,1.0,1.0,1.0,1.0,1.0,1.0,1.0,1.0,1.0,1.0,1.0,1.0,1.0,1.0,1.0,1.0,1.0,1.0,1.0,1.0,1.0,1.0,1.0,1.0,1.0,1.0
Block_K90-K93,0.9307473835673891,0.5698799437674081,1.0,1.0,0.9430704730911934,1.0,0.8891466899831703,1.0,1.0,1.0,1.0,1.0,1.0,-1.3322676295501878e-15,1.0,1.0,1.0,1.0,1.0,1.0,0.7945119454916807,1.0,0.7507755415636472,1.0,1.0,0.9479891640027479,1.0,1.0,1.0,0.6708215434522209,0.9725750039310015,1.0,0.9397038933624864,0.8347931348407467,1.0,1.0,1.0,1.0,1.0,1.0,1.0,1.0,0.8685246718177124,0.9190841941208917,1.0,1.0,1.0,1.0,1.0,1.0,0.992692831974497,1.0,1.0,0.9902393723636551,0.6698064988783856,1.0,1.0,0.9071691320373745,0.743892443110707,1.0,1.0,1.0,0.9617067541373862,1.0,0.8278938430867333,1.0,1.0,0.9897276874299882,1.0,1.0,1.0,1.0,1.0,1.0,1.0,1.0,1.0,1.0,1.0,1.0,0.9858555067642457,0.9960018436171816,1.0,1.0,1.0,1.0,0.9980616705857258,1.0,1.0,1.0,0.7226794944329971,1.0,1.0,1.0,1.0,0.9722622122102214,1.0,0.9872463399515614,1.0,1.0,0.9254949298296438,1.0,0.9939756098319176
Block_J80-J84,1.0,1.0,1.0,1.0,1.0,1.0,1.0,1.0,1.0,1.0,1.0,1.0,1.0,1.0,0.0,0.42264973081037416,1.0,1.0,1.0,1.0,1.0,1.0,1.0,1.0,1.0,1.0,1.0,1.0,1.0,1.0,1.0,1.0,1.0,1.0,1.0,1.0,1.0,1.0,1.0,1.0,1.0,1.0,1.0,1.0,1.0,1.0,1.0,1.0,1.0,1.0,1.0,1.0,1.0,1.0,1.0,1.0,1.0,1.0,1.0,1.0,1.0,1.0,1.0,1.0,1.0,1.0,1.0,1.0,1.0,1.0,1.0,1.0,1.0,1.0,1.0,1.0,1.0,1.0,1.0,1.0,1.0,1.0,1.0,1.0,1.0,1.0,1.0,1.0,1.0,1.0,1.0,1.0,1.0,1.0,1.0,1.0,1.0,1.0,1.0,1.0,1.0,1.0,1.0
Block_F20-F29,1.0,1.0,1.0,1.0,1.0,0.9764689597332494,1.0,1.0,1.0,1.0,1.0,1.0,1.0,1.0,0.42264973081037416,-2.220446049250313e-16,1.0,1.0,1.0,1.0,1.0,1.0,1.0,1.0,1.0,1.0,1.0,1.0,1.0,1.0,1.0,1.0,1.0,1.0,1.0,1.0,1.0,1.0,1.0,1.0,1.0,1.0,1.0,1.0,1.0,1.0,1.0,1.0,1.0,1.0,1.0,1.0,1.0,1.0,1.0,1.0,1.0,1.0,1.0,0.9506736376333009,1.0,1.0,1.0,1.0,1.0,1.0,1.0,1.0,1.0,1.0,1.0,1.0,1.0,1.0,1.0,1.0,1.0,1.0,1.0,1.0,1.0,1.0,1.0,1.0,1.0,1.0,1.0,1.0,1.0,1.0,1.0,1.0,1.0,1.0,1.0,1.0,1.0,1.0,1.0,1.0,1.0,1.0,1.0
Block_F30-F39,1.0,0.9970895656514751,1.0,0.5080479629855275,1.0,1.0,0.9619951421936476,1.0,1.0,1.0,1.0,1.0,1.0,1.0,1.0,1.0,-2.220446049250313e-16,1.0,0.8804771390665607,1.0,1.0,1.0,1.0,1.0,1.0,0.979939728642874,1.0,0.8680342241852284,1.0,1.0,1.0,1.0,1.0,1.0,1.0,1.0,1.0,1.0,1.0,1.0,1.0,1.0,1.0,1.0,1.0,1.0,0.9282862834399364,1.0,1.0,1.0,1.0,1.0,1.0,1.0,1.0,1.0,1.0,1.0,0.9861524531352783,1.0,1.0,1.0,1.0,1.0,1.0,1.0,1.0,1.0,1.0,1.0,1.0,1.0,1.0,1.0,1.0,1.0,1.0,1.0,1.0,1.0,1.0,1.0,1.0,0.9583874810711761,1.0,1.0,1.0,1.0,1.0,1.0,1.0,1.0,1.0,1.0,1.0,1.0,1.0,1.0,1.0,1.0,1.0,1.0,1.0
Block_J90-J94,1.0,1.0,1.0,1.0,1.0,1.0,1.0,1.0,1.0,1.0,1.0,1.0,1.0,1.0,1.0,1.0,1.0,0.0,1.0,1.0,1.0,1.0,1.0,1.0,1.0,1.0,1.0,1.0,1.0,1.0,1.0,1.0,1.0,1.0,1.0,1.0,1.0,1.0,1.0,1.0,1.0,1.0,1.0,1.0,1.0,1.0,1.0,1.0,1.0,0.8377785788692375,1.0,1.0,1.0,1.0,1.0,1.0,1.0,1.0,1.0,1.0,1.0,1.0,1.0,1.0,1.0,1.0,1.0,1.0,1.0,1.0,1.0,1.0,1.0,1.0,1.0,1.0,1.0,1.0,1.0,1.0,1.0,1.0,1.0,1.0,1.0,1.0,1.0,1.0,1.0,1.0,1.0,1.0,1.0,1.0,1.0,1.0,1.0,1.0,1.0,1.0,1.0,1.0,1.0
Block_F40-F48,1.0,1.0,1.0,1.0,1.0,1.0,1.0,1.0,1.0,1.0,1.0,1.0,1.0,1.0,1.0,1.0,0.8804771390665607,1.0,2.220446049250313e-16,1.0,1.0,1.0,1.0,0.6837722339831621,1.0,1.0,1.0,1.0,1.0,1.0,1.0,1.0,1.0,1.0,1.0,1.0,1.0,1.0,1.0,1.0,1.0,1.0,1.0,1.0,1.0,1.0,0.9,1.0,1.0,1.0,1.0,1.0,1.0,1.0,1.0,1.0,1.0,1.0,1.0,1.0,1.0,1.0,1.0,1.0,1.0,1.0,1.0,1.0,1.0,1.0,1.0,1.0,1.0,1.0,1.0,1.0,1.0,1.0,1.0,1.0,1.0,1.0,1.0,1.0,1.0,1.0,1.0,1.0,1.0,1.0,1.0,1.0,1.0,1.0,1.0,1.0,1.0,1.0,1.0,1.0,1.0,1.0,1.0
Block_E65-E68,0.9651315978122796,1.0,1.0,1.0,1.0,0.9488504245397145,1.0,1.0,1.0,1.0,1.0,1.0,1.0,1.0,1.0,1.0,1.0,1.0,1.0,2.220446049250313e-15,1.0,1.0,0.8943772226652941,1.0,1.0,1.0,1.0,1.0,1.0,0.9972863732293538,1.0,1.0,1.0,1.0,1.0,1.0,1.0,1.0,1.0,1.0,1.0,1.0,1.0,1.0,1.0,1.0,1.0,1.0,1.0,1.0,1.0,1.0,1.0,1.0,0.987064260371474,1.0,1.0,0.8333471092057141,1.0,1.0,1.0,1.0,0.868765351950196,1.0,1.0,1.0,1.0,1.0,0.8780124908814333,1.0,1.0,1.0,1.0,1.0,1.0,1.0,1.0,1.0,1.0,1.0,0.9845696650037908,0.971451220206266,1.0,1.0,1.0,1.0,1.0,1.0,1.0,0.9894765988764522,1.0,1.0,1.0,1.0,1.0,1.0,1.0,0.9958260806443516,1.0,1.0,1.0,0.4618037788930579,1.0
Block_G35-G37,1.0,0.7354771668049254,1.0,1.0,0.7033629980448128,1.0,0.9981858318992329,1.0,1.0,1.0,1.0,1.0,1.0,0.7945119454916807,1.0,1.0,1.0,1.0,1.0,1.0,1.4432899320127035e-15,1.0,0.5482349556904894,1.0,1.0,1.0,1.0,1.0,1.0,0.8681026641038765,1.0,1.0,0.9808717464563014,0.9990987698826069,1.0,1.0,1.0,1.0,1.0,1.0,1.0,1.0,0.9849383980980823,0.9949284948379151,1.0,1.0,1.0,1.0,1.0,1.0,0.9557192557229952,1.0,1.0,0.994249453672147,0.6947612628976241,1.0,0.9907786110804585,1.0,0.5829436572355967,1.0,1.0,1.0,0.887196247730599,1.0,0.8822992312799272,1.0,1.0,1.0,1.0,1.0,1.0,1.0,1.0,1.0,1.0,1.0,1.0,1.0,1.0,1.0,0.9944444444444445,0.9250508869390074,1.0,1.0,1.0,1.0,1.0,1.0,1.0,1.0,0.9308917993561805,1.0,1.0,1.0,1.0,0.9423226216495014,1.0,0.9959925794014781,1.0,1.0,0.8554039945953814,1.0,0.9946760286250005
Block_J95-J99,1.0,1.0,1.0,1.0,1.0,1.0,1.0,1.0,1.0,1.0,1.0,1.0,1.0,1.0,1.0,1.0,1.0,1.0,1.0,1.0,1.0,3.3306690738754696e-16,1.0,1.0,1.0,1.0,1.0,1.0,1.0,1.0,1.0,1.0,1.0,1.0,1.0,1.0,1.0,1.0,1.0,1.0,1.0,1.0,1.0,1.0,1.0,1.0,1.0,1.0,1.0,1.0,1.0,1.0,1.0,1.0,0.9500485403345823,1.0,1.0,1.0,1.0,1.0,1.0,1.0,1.0,1.0,1.0,1.0,1.0,1.0,1.0,1.0,1.0,1.0,1.0,1.0,1.0,1.0,1.0,1.0,1.0,1.0,1.0,1.0,1.0,1.0,1.0,1.0,1.0,1.0,1.0,1.0,1.0,1.0,1.0,1.0,1.0,1.0,1.0,1.0,1.0,1.0,1.0,1.0,1.0
Block_E10-E14,0.9427104836399247,0.6156569405262721,1.0,1.0,0.7843254410476762,0.9919962070820645,0.965504912275051,1.0,1.0,1.0,1.0,0.9939222358947375,0.9814439694905289,0.7507755415636472,1.0,1.0,1.0,1.0,1.0,0.8943772226652941,0.5482349556904894,1.0,4.440892098500626e-16,1.0,1.0,0.9961156919534095,1.0,0.8754301916328429,1.0,0.7956499879190635,0.9623136369963298,1.0,0.9812949226744014,0.949962192100967,1.0,1.0,1.0,1.0,0.9712965194626092,1.0,0.9945638825237699,1.0,0.9083566681759697,0.9691420850555711,0.9727251988618958,0.9985535352369799,0.9907426255166714,0.9988220301125352,0.9884282818958392,1.0,0.9644503174802659,1.0,0.990352799006432,1.0,0.658578518089565,1.0,0.9929864797073447,0.9903074620856755,0.7254321637194463,1.0,1.0,0.9877156713758763,0.8060703501364783,1.0,0.7441427839698718,0.9672702386342749,1.0,1.0,1.0,1.0,1.0,1.0,1.0,1.0,1.0,1.0,1.0,1.0,0.8863304366033564,1.0,0.9746476358610408,0.8374568344169815,0.9981816799241264,0.9677699589927611,1.0,1.0,0.992182980846047,1.0,1.0,1.0,0.937055756308183,1.0,1.0,1.0,0.9975604676232964,0.7813924441709066,0.9832375338951372,0.9020853262306552,0.9450698776989217,1.0,0.7706224921513023,0.8526220528257367,0.9986502473903561
Block_J00-J06,1.0,1.0,1.0,1.0,1.0,1.0,0.9874310747040025,1.0,1.0,1.0,1.0,1.0,1.0,1.0,1.0,1.0,1.0,1.0,0.6837722339831621,1.0,1.0,1.0,1.0,0.0,1.0,0.9469255107565725,1.0,1.0,1.0,1.0,1.0,1.0,1.0,1.0,1.0,1.0,1.0,1.0,1.0,1.0,1.0,1.0,1.0,1.0,1.0,1.0,1.0,1.0,1.0,1.0,1.0,1.0,1.0,1.0,1.0,1.0,1.0,0.9889635748695987,1.0,1.0,1.0,1.0,1.0,1.0,1.0,1.0,1.0,1.0,1.0,0.7418011102528388,1.0,1.0,1.0,1.0,1.0,1.0,1.0,1.0,1.0,1.0,1.0,1.0,1.0,1.0,1.0,1.0,1.0,1.0,1.0,1.0,1.0,1.0,1.0,1.0,1.0,0.9800199700499127,1.0,1.0,1.0,1.0,1.0,1.0,1.0
Block_B35-B49,1.0,0.9900589741743693,1.0,1.0,1.0,1.0,1.0,1.0,1.0,1.0,1.0,0.9463943732581103,1.0,1.0,1.0,1.0,1.0,1.0,1.0,1.0,1.0,1.0,1.0,1.0,-2.220446049250313e-16,1.0,1.0,1.0,1.0,1.0,1.0,1.0,1.0,1.0,1.0,1.0,1.0,1.0,1.0,1.0,1.0,1.0,1.0,1.0,1.0,1.0,1.0,0.9584414182538309,1.0,1.0,1.0,1.0,1.0,1.0,1.0,1.0,1.0,1.0,1.0,1.0,1.0,1.0,1.0,1.0,1.0,1.0,1.0,1.0,1.0,1.0,1.0,1.0,1.0,1.0,1.0,1.0,1.0,1.0,1.0,1.0,1.0,1.0,1.0,1.0,1.0,1.0,1.0,1.0,1.0,1.0,1.0,1.0,1.0,1.0,1.0,1.0,1.0,1.0,1.0,1.0,1.0,1.0,1.0
Block_C81-C96,1.0,0.9509573536492524,1.0,1.0,1.0,1.0,0.9366265174097328,1.0,1.0,1.0,1.0,1.0,1.0,0.9479891640027479,1.0,1.0,0.979939728642874,1.0,1.0,1.0,1.0,1.0,0.9961156919534095,0.9469255107565725,1.0,4.440892098500626e-16,1.0,1.0,1.0,1.0,1.0,1.0,1.0,0.995029118641766,1.0,1.0,1.0,1.0,1.0,1.0,1.0,1.0,1.0,0.9944054576113555,1.0,1.0,1.0,1.0,1.0,1.0,1.0,1.0,1.0,1.0,0.9585029667083506,1.0,1.0,0.8711344220887376,1.0,1.0,1.0,1.0,1.0,1.0,1.0,1.0,1.0,1.0,1.0,1.0,1.0,1.0,1.0,1.0,1.0,1.0,1.0,1.0,1.0,1.0,1.0,1.0,1.0,1.0,1.0,1.0,1.0,1.0,1.0,1.0,0.9105879877864748,1.0,1.0,1.0,1.0,0.9946978505766536,1.0,1.0,1.0,1.0,1.0,1.0,1.0
Block_M60-M63,1.0,1.0,1.0,1.0,0.8967733672693039,1.0,1.0,1.0,1.0,1.0,1.0,1.0,1.0,1.0,1.0,1.0,1.0,1.0,1.0,1.0,1.0,1.0,1.0,1.0,1.0,1.0,1.1102230246251565e-16,1.0,1.0,1.0,1.0,1.0,1.0,1.0,1.0,1.0,1.0,1.0,1.0,1.0,1.0,1.0,1.0,1.0,1.0,1.0,1.0,1.0,1.0,1.0,1.0,1.0,1.0,1.0,1.0,1.0,1.0,1.0,1.0,1.0,1.0,1.0,1.0,1.0,1.0,1.0,1.0,1.0,1.0,1.0,1.0,1.0,1.0,1.0,1.0,1.0,1.0,1.0,1.0,1.0,1.0,1.0,1.0,1.0,1.0,1.0,1.0,1.0,1.0,1.0,1.0,1.0,1.0,1.0,1.0,1.0,1.0,1.0,1.0,1.0,1.0,1.0,1.0
Block_K70-K77,1.0,1.0,1.0,1.0,1.0,1.0,1.0,1.0,1.0,1.0,1.0,1.0,1.0,1.0,1.0,1.0,0.8680342241852284,1.0,1.0,1.0,1.0,1.0,0.8754301916328429,1.0,1.0,1.0,1.0,2.220446049250313e-16,1.0,1.0,1.0,1.0,1.0,1.0,1.0,1.0,1.0,1.0,1.0,1.0,1.0,1.0,1.0,1.0,1.0,1.0,0.9723973776263058,0.9929753175633484,1.0,1.0,1.0,1.0,1.0,1.0,1.0,1.0,1.0,1.0,0.992005115090037,1.0,1.0,1.0,1.0,1.0,1.0,1.0,1.0,1.0,1.0,1.0,1.0,1.0,1.0,1.0,1.0,1.0,1.0,1.0,1.0,1.0,1.0,0.9844600126058384,1.0,1.0,1.0,1.0,1.0,1.0,1.0,1.0,1.0,1.0,1.0,1.0,1.0,1.0,1.0,0.9772800607803,0.9748023684660515,1.0,1.0,1.0,1.0
Block_M95-M99,1.0,1.0,1.0,1.0,1.0,0.9567707186721823,1.0,1.0,1.0,1.0,1.0,1.0,1.0,1.0,1.0,1.0,1.0,1.0,1.0,1.0,1.0,1.0,1.0,1.0,1.0,1.0,1.0,1.0,2.220446049250313e-16,1.0,1.0,1.0,1.0,1.0,1.0,1.0,1.0,1.0,1.0,1.0,1.0,1.0,1.0,1.0,1.0,1.0,1.0,1.0,1.0,1.0,1.0,1.0,1.0,1.0,1.0,1.0,1.0,1.0,1.0,1.0,1.0,1.0,0.9720218144803734,1.0,1.0,1.0,1.0,1.0,1.0,1.0,1.0,1.0,1.0,1.0,1.0,1.0,1.0,1.0,1.0,1.0,1.0,1.0,1.0,1.0,1.0,1.0,0.9437060031219399,1.0,1.0,1.0,1.0,1.0,1.0,1.0,1.0,1.0,1.0,1.0,0.9543564535412362,1.0,1.0,1.0,1.0
Block_D60-D64,0.8410386862278841,0.6583335013739231,1.0,1.0,0.9301369068606454,0.975941184738788,0.8940769761771212,1.0,1.0,1.0,1.0,0.9957840045249412,1.0,0.6708215434522209,1.0,1.0,1.0,1.0,1.0,0.9972863732293538,0.8681026641038765,1.0,0.7956499879190635,1.0,1.0,1.0,1.0,1.0,1.0,3.3306690738754696e-16,1.0,1.0,1.0,0.9980980823757839,1.0,1.0,1.0,1.0,0.9956949408699431,1.0,1.0,1.0,0.695768671845045,0.9978594623364402,1.0,1.0,1.0,1.0,1.0,0.9926339047155528,1.0,1.0,1.0,1.0,0.7542806145214516,1.0,1.0,0.9854324704871816,0.9680085114758298,1.0,1.0,1.0,0.9892200952246917,1.0,1.0,1.0,1.0,1.0,1.0,1.0,1.0,1.0,1.0,1.0,1.0,1.0,1.0,1.0,1.0,1.0,0.9531031694591561,0.9963846991211804,1.0,1.0,1.0,1.0,0.997590011589004,1.0,1.0,1.0,0.8577580608936156,1.0,1.0,1.0,0.9932310255657759,0.9614553711007555,1.0,0.9915429103878354,1.0,1.0,0.8474253768472744,1.0,1.0
Block_L60-L75,1.0,0.907766400172498,1.0,1.0,0.9777032625571419,1.0,0.6538759263585794,1.0,1.0,1.0,1.0,1.0,1.0,0.9725750039310015,1.0,1.0,1.0,1.0,1.0,1.0,1.0,1.0,0.9623136369963298,1.0,1.0,1.0,1.0,1.0,1.0,1.0,-4.440892098500626e-16,1.0,1.0,0.7798263088068222,1.0,1.0,0.8263373092494242,1.0,0.9928804130000094,1.0,1.0,1.0,1.0,0.9905601023279361,1.0,1.0,1.0,1.0,1.0,1.0,1.0,1.0,1.0,1.0,0.9783272595997924,1.0,1.0,0.6602498402609495,0.9958987105774828,1.0,1.0,1.0,0.9990095829686676,1.0,1.0,1.0,0.8998747651356482,1.0,1.0,1.0,1.0,1.0,1.0,1.0,1.0,1.0,1.0,1.0,1.0,1.0,1.0,1.0,1.0,1.0,1.0,1.0,1.0,1.0,1.0,1.0,0.7796525783241773,1.0,1.0,1.0,1.0,1.0,1.0,1.0,1.0,1.0,1.0,1.0,1.0
Block_C15-C26,1.0,1.0,1.0,1.0,0.9904566944281022,1.0,1.0,1.0,1.0,1.0,1.0,1.0,1.0,1.0,1.0,1.0,1.0,1.0,1.0,1.0,1.0,1.0,1.0,1.0,1.0,1.0,1.0,1.0,1.0,1.0,1.0,-2.220446049250313e-16,1.0,1.0,1.0,0.7891814893221081,0.9139337034176129,1.0,1.0,1.0,1.0,1.0,1.0,1.0,1.0,1.0,1.0,0.796405360576285,1.0,1.0,1.0,1.0,1.0,1.0,1.0,1.0,1.0,1.0,1.0,1.0,1.0,1.0,0.9953369690800622,1.0,1.0,1.0,1.0,1.0,1.0,0.8639172365120457,1.0,1.0,1.0,1.0,1.0,1.0,1.0,1.0,1.0,1.0,1.0,1.0,1.0,1.0,1.0,1.0,1.0,1.0,1.0,1.0,1.0,1.0,1.0,1.0,1.0,1.0,1.0,1.0,1.0,1.0,1.0,1.0,1.0
Block_D65-D69,1.0,1.0,1.0,1.0,1.0,1.0,0.9750146554702982,1.0,1.0,1.0,1.0,1.0,1.0,0.9397038933624864,1.0,1.0,1.0,1.0,1.0,1.0,0.9808717464563014,1.0,0.9812949226744014,1.0,1.0,1.0,1.0,1.0,1.0,1.0,1.0,1.0,1.1102230246251565e-16,1.0,1.0,1.0,1.0,1.0,1.0,1.0,1.0,1.0,1.0,1.0,1.0,1.0,1.0,1.0,1.0,1.0,0.9782196579065484,1.0,1.0,1.0,1.0,1.0,1.0,1.0,0.9250893582770597,1.0,1.0,1.0,0.9924624543093795,1.0,0.9906118804707527,1.0,1.0,0.7570932792832292,1.0,1.0,1.0,1.0,1.0,1.0,1.0,1.0,1.0,1.0,1.0,1.0,1.0,1.0,1.0,1.0,1.0,1.0,1.0,1.0,1.0,1.0,0.8992823478960932,1.0,1.0,1.0,1.0,1.0,1.0,1.0,1.0,1.0,1.0,1.0,0.9581008242796133
Block_I70-I79,1.0,0.8579240306769611,1.0,1.0,0.9788013762039034,1.0,1.0,1.0,1.0,1.0,1.0,1.0,1.0,0.8347931348407467,1.0,1.0,1.0,1.0,1.0,1.0,0.9990987698826069,1.0,0.949962192100967,1.0,1.0,0.995029118641766,1.0,1.0,1.0,0.9980980823757839,0.7798263088068222,1.0,1.0,-1.1102230246251565e-15,1.0,1.0,1.0,1.0,1.0,1.0,1.0,1.0,1.0,0.9921020149632122,1.0,1.0,0.994076511222409,1.0,1.0,1.0,0.9736612873604068,1.0,1.0,1.0,0.8835321731447409,1.0,1.0,0.8831968811787926,0.9924509531824524,0.992842979119728,1.0,0.8794748333771172,0.9378518245214255,1.0,1.0,1.0,1.0,1.0,1.0,1.0,1.0,0.8952089860952205,1.0,1.0,1.0,1.0,1.0,1.0,1.0,1.0,1.0,0.8340906074274991,1.0,0.989688529585171,1.0,1.0,0.8466098449736533,1.0,1.0,1.0,0.8538439872918127,1.0,0.8427932609266745,1.0,1.0,1.0,1.0,0.8956606409379729,1.0,1.0,1.0,1.0,1.0
Block_L20-L30,1.0,1.0,1.0,1.0,1.0,1.0,1.0,1.0,1.0,1.0,1.0,1.0,1.0,1.0,1.0,1.0,1.0,1.0,1.0,1.0,1.0,1.0,1.0,1.0,1.0,1.0,1.0,1.0,1.0,1.0,1.0,1.0,1.0,1.0,3.3306690738754696e-16,1.0,1.0,1.0,1.0,1.0,1.0,1.0,1.0,1.0,1.0,1.0,1.0,1.0,1.0,1.0,1.0,1.0,1.0,1.0,1.0,1.0,1.0,1.0,1.0,1.0,1.0,1.0,1.0,1.0,1.0,1.0,1.0,1.0,1.0,1.0,1.0,1.0,1.0,1.0,1.0,1.0,1.0,1.0,1.0,1.0,1.0,0.9473371516693716,1.0,1.0,1.0,1.0,1.0,1.0,1.0,1.0,1.0,1.0,1.0,1.0,1.0,1.0,1.0,1.0,1.0,1.0,1.0,1.0,1.0
Block_L50-L54,1.0,1.0,1.0,1.0,1.0,1.0,1.0,1.0,1.0,1.0,1.0,1.0,1.0,1.0,1.0,1.0,1.0,1.0,1.0,1.0,1.0,1.0,1.0,1.0,1.0,1.0,1.0,1.0,1.0,1.0,1.0,0.7891814893221081,1.0,1.0,1.0,0.0,1.0,1.0,1.0,1.0,1.0,1.0,1.0,1.0,1.0,1.0,1.0,1.0,1.0,0.9274523749889988,1.0,0.8093074821508816,1.0,1.0,1.0,1.0,1.0,1.0,1.0,1.0,1.0,1.0,1.0,1.0,1.0,1.0,1.0,1.0,1.0,1.0,1.0,1.0,1.0,1.0,1.0,1.0,1.0,1.0,1.0,1.0,1.0,1.0,1.0,1.0,1.0,1.0,1.0,1.0,1.0,1.0,1.0,1.0,1.0,1.0,1.0,1.0,1.0,1.0,1.0,1.0,1.0,1.0,1.0
Block_D37-D48,1.0,1.0,1.0,1.0,0.97412725551659,1.0,0.994868757734941,1.0,1.0,1.0,0.8594543262147387,1.0,1.0,1.0,1.0,1.0,1.0,1.0,1.0,1.0,1.0,1.0,1.0,1.0,1.0,1.0,1.0,1.0,1.0,1.0,0.8263373092494242,0.9139337034176129,1.0,1.0,1.0,1.0,2.220446049250313e-16,1.0,1.0,1.0,1.0,1.0,1.0,1.0,1.0,1.0,1.0,1.0,1.0,1.0,1.0,1.0,1.0,1.0,1.0,1.0,1.0,1.0,1.0,1.0,1.0,1.0,1.0,1.0,1.0,1.0,1.0,1.0,1.0,1.0,1.0,1.0,1.0,1.0,1.0,1.0,1.0,1.0,1.0,1.0,1.0,1.0,1.0,1.0,1.0,1.0,1.0,1.0,1.0,1.0,1.0,1.0,1.0,1.0,1.0,1.0,1.0,1.0,1.0,1.0,1.0,1.0,1.0
Block_M40-M43,1.0,1.0,1.0,1.0,1.0,1.0,1.0,1.0,1.0,1.0,1.0,1.0,1.0,1.0,1.0,1.0,1.0,1.0,1.0,1.0,1.0,1.0,1.0,1.0,1.0,1.0,1.0,1.0,1.0,1.0,1.0,1.0,1.0,1.0,1.0,1.0,1.0,0.0,1.0,1.0,1.0,1.0,1.0,1.0,1.0,1.0,1.0,1.0,1.0,1.0,0.942833804952497,1.0,1.0,1.0,1.0,1.0,1.0,1.0,1.0,1.0,1.0,1.0,1.0,1.0,1.0,1.0,1.0,1.0,1.0,1.0,1.0,1.0,1.0,1.0,1.0,1.0,1.0,1.0,1.0,1.0,1.0,1.0,1.0,1.0,1.0,1.0,1.0,1.0,1.0,1.0,1.0,1.0,1.0,1.0,1.0,1.0,1.0,1.0,1.0,1.0,1.0,1.0,1.0
Block_L55-L59,1.0,0.9632697116570945,1.0,1.0,0.6621936999780786,1.0,1.0,1.0,1.0,1.0,1.0,1.0,1.0,1.0,1.0,1.0,1.0,1.0,1.0,1.0,1.0,1.0,0.9712965194626092,1.0,1.0,1.0,1.0,1.0,1.0,0.9956949408699431,0.9928804130000094,1.0,1.0,1.0,1.0,1.0,1.0,1.0,1.5543122344752192e-15,1.0,1.0,1.0,1.0,1.0,1.0,1.0,1.0,1.0,1.0,1.0,1.0,1.0,1.0,1.0,0.9952641474336779,1.0,1.0,1.0,0.996893174598548,1.0,1.0,1.0,0.9615489327157426,1.0,1.0,1.0,1.0,1.0,1.0,1.0,0.9762977268430011,1.0,1.0,1.0,1.0,1.0,1.0,1.0,1.0,1.0,1.0,1.0,1.0,1.0,1.0,0.8962275695515889,1.0,1.0,1.0,1.0,1.0,1.0,1.0,1.0,1.0,1.0,1.0,1.0,0.9082014907956844,0.9329598476846009,1.0,1.0,1.0
Block_A30-A49,1.0,1.0,1.0,1.0,1.0,1.0,1.0,1.0,1.0,1.0,1.0,1.0,1.0,1.0,1.0,1.0,1.0,1.0,1.0,1.0,1.0,1.0,1.0,1.0,1.0,1.0,1.0,1.0,1.0,1.0,1.0,1.0,1.0,1.0,1.0,1.0,1.0,1.0,1.0,0.0,1.0,1.0,1.0,1.0,1.0,1.0,1.0,1.0,1.0,1.0,1.0,1.0,1.0,1.0,1.0,1.0,1.0,1.0,1.0,1.0,1.0,1.0,0.9802164352937768,1.0,1.0,1.0,1.0,1.0,1.0,1.0,1.0,1.0,1.0,1.0,1.0,1.0,1.0,1.0,1.0,1.0,1.0,1.0,1.0,1.0,1.0,1.0,1.0,1.0,1.0,1.0,1.0,1.0,1.0,1.0,1.0,1.0,1.0,1.0,1.0,1.0,1.0,1.0,1.0
Block_K20-K31,0.9394328589359783,1.0,1.0,1.0,0.9966375868043046,0.9898459567716864,1.0,1.0,1.0,1.0,1.0,1.0,1.0,1.0,1.0,1.0,1.0,1.0,1.0,1.0,1.0,1.0,0.9945638825237699,1.0,1.0,1.0,1.0,1.0,1.0,1.0,1.0,1.0,1.0,1.0,1.0,1.0,1.0,1.0,1.0,1.0,-1.3322676295501878e-15,1.0,0.991695452014626,1.0,1.0,1.0,0.9295335736582355,1.0,1.0,1.0,1.0,1.0,1.0,1.0,1.0,1.0,1.0,0.8298987461609872,1.0,1.0,0.91695452014626,1.0,0.9852135793817876,1.0,0.9846527537088715,1.0,1.0,1.0,1.0,1.0,1.0,1.0,1.0,0.9119169670727945,0.7965809489137569,1.0,1.0,1.0,1.0,1.0,1.0,0.9867760465867157,1.0,1.0,1.0,1.0,1.0,1.0,1.0,0.9415060255972226,1.0,1.0,1.0,1.0,1.0,0.7328657138774255,0.989367115866997,0.9825995562830278,1.0,1.0,1.0,1.0,1.0
Block_E20-E35,1.0,1.0,1.0,1.0,0.9766237708893908,1.0,1.0,0.8908910548820038,1.0,1.0,1.0,1.0,1.0,1.0,1.0,1.0,1.0,1.0,1.0,1.0,1.0,1.0,1.0,1.0,1.0,1.0,1.0,1.0,1.0,1.0,1.0,1.0,1.0,1.0,1.0,1.0,1.0,1.0,1.0,1.0,1.0,-2.220446049250313e-16,1.0,1.0,1.0,1.0,1.0,1.0,1.0,1.0,1.0,1.0,1.0,0.884272487528431,1.0,1.0,1.0,1.0,1.0,1.0,1.0,1.0,1.0,1.0,1.0,1.0,1.0,1.0,1.0,1.0,1.0,1.0,1.0,1.0,1.0,1.0,1.0,1.0,1.0,1.0,0.925464400750007,0.9827620365152083,1.0,1.0,1.0,1.0,1.0,1.0,1.0,1.0,1.0,1.0,1.0,1.0,1.0,1.0,1.0,1.0,1.0,1.0,1.0,1.0,1.0
Block_D50-D53,0.6499240204050531,0.8570875969824224,1.0,1.0,0.9898777958727636,1.0,0.9887580114536132,1.0,1.0,1.0,1.0,1.0,1.0,0.8685246718177124,1.0,1.0,1.0,1.0,1.0,1.0,0.9849383980980823,1.0,0.9083566681759697,1.0,1.0,1.0,1.0,1.0,1.0,0.695768671845045,1.0,1.0,1.0,1.0,1.0,1.0,1.0,1.0,1.0,1.0,0.991695452014626,1.0,-2.220446049250313e-16,0.9764297739604484,1.0,1.0,1.0,1.0,1.0,1.0,1.0,1.0,1.0,1.0,0.8934368860471089,1.0,1.0,1.0,0.9967230723179238,1.0,1.0,1.0,0.9802164352937768,1.0,1.0,1.0,1.0,1.0,1.0,1.0,1.0,1.0,1.0,0.8585786437626906,1.0,1.0,1.0,1.0,1.0,1.0,0.9225403330758517,0.9980095314283549,1.0,1.0,1.0,1.0,1.0,1.0,1.0,1.0,0.9762084524284557,1.0,1.0,1.0,1.0,0.9910646589678246,1.0,1.0,1.0,1.0,0.8319946237419382,1.0,1.0
Block_M20-M25,1.0,0.9293837217013874,1.0,1.0,0.9923653555424817,0.7041195855784931,0.9708526167710373,1.0,1.0,0.974099043670473,1.0,1.0,1.0,0.9190841941208917,1.0,1.0,1.0,1.0,1.0,1.0,0.9949284948379151,1.0,0.9691420850555711,1.0,1.0,0.9944054576113555,1.0,1.0,1.0,0.9978594623364402,0.9905601023279361,1.0,1.0,0.9921020149632122,1.0,1.0,1.0,1.0,1.0,1.0,1.0,1.0,0.9764297739604484,7.771561172376096e-16,1.0,1.0,1.0,1.0,1.0,1.0,1.0,1.0,0.956330635493803,1.0,0.9591846038955928,0.9958003947443419,1.0,0.9790598556172068,0.9042249715345694,1.0,1.0,0.9960682145025361,0.991606544344112,1.0,1.0,1.0,1.0,0.9840888543164854,1.0,1.0,1.0,1.0,1.0,1.0,1.0,1.0,1.0,1.0,1.0,1.0,0.9269703256659778,0.9793570505703489,1.0,1.0,1.0,0.9953093497017981,1.0,1.0,1.0,1.0,0.9009302527770722,1.0,1.0,1.0,1.0,0.9957878398426229,1.0,1.0,1.0,1.0,1.0,1.0,1.0
Block_H65-H75,1.0,1.0,1.0,1.0,0.9797555917455271,1.0,1.0,1.0,1.0,1.0,1.0,1.0,1.0,1.0,1.0,1.0,1.0,1.0,1.0,1.0,1.0,1.0,0.9727251988618958,1.0,1.0,1.0,1.0,1.0,1.0,1.0,1.0,1.0,1.0,1.0,1.0,1.0,1.0,1.0,1.0,1.0,1.0,1.0,1.0,1.0,0.0,1.0,1.0,1.0,1.0,1.0,1.0,1.0,1.0,1.0,1.0,1.0,1.0,1.0,1.0,1.0,1.0,1.0,0.9868109568625179,1.0,1.0,1.0,1.0,1.0,1.0,1.0,1.0,1.0,1.0,1.0,1.0,1.0,1.0,1.0,1.0,1.0,1.0,1.0,1.0,1.0,1.0,1.0,1.0,1.0,1.0,1.0,1.0,1.0,1.0,1.0,1.0,1.0,1.0,1.0,1.0,1.0,0.9839994879754227,1.0,1.0
Block_M50-M54,0.9484289376870604,1.0,1.0,1.0,0.9910531510263458,0.7874560334715632,1.0,0.9665923447609469,1.0,1.0,1.0,1.0,1.0,1.0,1.0,1.0,1.0,1.0,1.0,1.0,1.0,1.0,0.9985535352369799,1.0,1.0,1.0,1.0,1.0,1.0,1.0,1.0,1.0,1.0,1.0,1.0,1.0,1.0,1.0,1.0,1.0,1.0,1.0,1.0,1.0,1.0,2.220446049250313e-16,1.0,1.0,1.0,1.0,0.9898943489568195,1.0,1.0,1.0,1.0,1.0,1.0,1.0,0.9739321999136429,1.0,1.0,0.9926279021922552,1.0,1.0,1.0,1.0,1.0,1.0,1.0,1.0,1.0,1.0,1.0,1.0,1.0,1.0,1.0,1.0,1.0,1.0,1.0,0.9982406577190638,1.0,1.0,1.0,1.0,1.0,1.0,1.0,1.0,1.0,1.0,1.0,1.0,1.0,1.0,1.0,0.9259202802512808,1.0,1.0,1.0,1.0,1.0
Block_F10-F19,1.0,1.0,1.0,1.0,1.0,0.9942360958229577,1.0,1.0,1.0,1.0,1.0,1.0,1.0,1.0,1.0,1.0,0.9282862834399364,1.0,0.9,1.0,1.0,1.0,0.9907426255166714,1.0,1.0,1.0,1.0,0.9723973776263058,1.0,1.0,1.0,1.0,1.0,0.994076511222409,1.0,1.0,1.0,1.0,1.0,1.0,0.9295335736582355,1.0,1.0,1.0,1.0,1.0,-2.220446049250313e-16,1.0,1.0,1.0,1.0,1.0,1.0,1.0,0.9693884529216946,1.0,1.0,1.0,1.0,1.0,1.0,1.0,0.9776174515842987,1.0,1.0,1.0,1.0,1.0,1.0,1.0,1.0,0.8911337892096365,1.0,1.0,1.0,0.7316718427000253,1.0,1.0,1.0,1.0,1.0,0.9943701047010043,1.0,1.0,1.0,1.0,1.0,1.0,1.0,1.0,1.0,1.0,1.0,1.0,1.0,1.0,1.0,1.0,1.0,1.0,1.0,1.0,1.0
Block_K55-K64,1.0,1.0,1.0,1.0,0.9985427756073844,0.9970662500185056,1.0,1.0,1.0,1.0,1.0,1.0,1.0,1.0,1.0,1.0,1.0,1.0,1.0,1.0,1.0,1.0,0.9988220301125352,1.0,0.9584414182538309,1.0,1.0,0.9929753175633484,1.0,1.0,1.0,0.796405360576285,1.0,1.0,1.0,1.0,1.0,1.0,1.0,1.0,1.0,1.0,1.0,1.0,1.0,1.0,1.0,-1.1102230246251565e-15,1.0,1.0,1.0,1.0,1.0,1.0,1.0,1.0,0.670941371086311,0.9964472490457539,0.9988206079201886,1.0,1.0,1.0,0.8917720367406343,1.0,1.0,1.0,1.0,0.7570432023809983,1.0,1.0,1.0,1.0,1.0,1.0,1.0,1.0,1.0,1.0,1.0,1.0,1.0,1.0,1.0,1.0,0.8615759835532145,1.0,0.9961796146679639,1.0,1.0,0.7971960223570729,1.0,1.0,1.0,1.0,1.0,1.0,1.0,0.9480500834715154,1.0,1.0,1.0,1.0,1.0
Block_N00-N08,1.0,1.0,1.0,1.0,1.0,1.0,1.0,1.0,1.0,1.0,1.0,1.0,1.0,1.0,1.0,1.0,1.0,1.0,1.0,1.0,1.0,1.0,0.9884282818958392,1.0,1.0,1.0,1.0,1.0,1.0,1.0,1.0,1.0,1.0,1.0,1.0,1.0,1.0,1.0,1.0,1.0,1.0,1.0,1.0,1.0,1.0,1.0,1.0,1.0,2.220446049250313e-16,1.0,1.0,1.0,1.0,1.0,1.0,1.0,1.0,1.0,1.0,1.0,1.0,1.0,1.0,1.0,1.0,1.0,1.0,1.0,1.0,1.0,1.0,1.0,1.0,0.75,1.0,1.0,1.0,1.0,1.0,1.0,1.0,1.0,1.0,1.0,1.0,1.0,1.0,1.0,1.0,1.0,1.0,1.0,1.0,1.0,1.0,1.0,1.0,1.0,1.0,1.0,1.0,1.0,1.0
Block_F00-F09,1.0,1.0,1.0,1.0,1.0,1.0,1.0,1.0,1.0,1.0,1.0,1.0,1.0,1.0,1.0,1.0,1.0,0.8377785788692375,1.0,1.0,1.0,1.0,1.0,1.0,1.0,1.0,1.0,1.0,1.0,0.9926339047155528,1.0,1.0,1.0,1.0,1.0,0.9274523749889988,1.0,1.0,1.0,1.0,1.0,1.0,1.0,1.0,1.0,1.0,1.0,1.0,1.0,2.220446049250313e-16,1.0,1.0,1.0,1.0,1.0,1.0,1.0,1.0,1.0,1.0,1.0,1.0,1.0,1.0,1.0,1.0,1.0,1.0,1.0,1.0,1.0,1.0,1.0,1.0,1.0,1.0,1.0,1.0,1.0,1.0,1.0,0.9128179070897362,1.0,1.0,1.0,1.0,1.0,1.0,1.0,1.0,1.0,1.0,1.0,1.0,0.27452374988998807,1.0,1.0,0.8791462878501122,1.0,1.0,1.0,1.0,1.0
Block_M45-M49,1.0,0.9468473556020542,1.0,1.0,0.9965281126273106,0.9883503991480959,1.0,1.0,1.0,1.0,1.0,0.9946922520391793,1.0,0.992692831974497,1.0,1.0,1.0,1.0,1.0,1.0,0.9557192557229952,1.0,0.9644503174802659,1.0,1.0,1.0,1.0,1.0,1.0,1.0,1.0,1.0,0.9782196579065484,0.9736612873604068,1.0,1.0,1.0,0.942833804952497,1.0,1.0,1.0,1.0,1.0,1.0,1.0,0.9898943489568195,1.0,1.0,1.0,1.0,1.3322676295501878e-15,1.0,1.0,1.0,0.8905378293646049,1.0,1.0,0.9971784827743156,0.756471666860834,1.0,1.0,1.0,0.9988690488812692,1.0,0.9957741532641348,1.0,1.0,1.0,1.0,1.0,1.0,0.9889983606335925,1.0,1.0,1.0,1.0,1.0,1.0,1.0,1.0,1.0,0.972690996495379,1.0,1.0,1.0,1.0,1.0,1.0,1.0,1.0,1.0,1.0,1.0,1.0,1.0,0.994892005517387,1.0,1.0,1.0,1.0,1.0,1.0,0.9858550351003332
Block_G90-G99,1.0,0.9963290329277772,1.0,1.0,1.0,0.9652423500312515,1.0,1.0,1.0,1.0,1.0,1.0,1.0,1.0,1.0,1.0,1.0,1.0,1.0,1.0,1.0,1.0,1.0,1.0,1.0,1.0,1.0,1.0,1.0,1.0,1.0,1.0,1.0,1.0,1.0,0.8093074821508816,1.0,1.0,1.0,1.0,1.0,1.0,1.0,1.0,1.0,1.0,1.0,1.0,1.0,1.0,1.0,2.220446049250313e-16,1.0,1.0,0.9964501043387749,1.0,1.0,1.0,1.0,1.0,1.0,0.9733267465315367,1.0,1.0,1.0,1.0,1.0,1.0,1.0,1.0,1.0,1.0,1.0,1.0,0.9564805860110756,1.0,1.0,1.0,0.9471114114652055,1.0,1.0,1.0,0.9763110315160433,1.0,1.0,1.0,0.9094758469847449,1.0,1.0,1.0,1.0,1.0,1.0,1.0,1.0,1.0,1.0,1.0,1.0,1.0,1.0,1.0,1.0
Block_I80-I89,1.0,0.9724490946968165,1.0,1.0,1.0,1.0,1.0,1.0,1.0,1.0,1.0,1.0,0.936339298592077,1.0,1.0,1.0,1.0,1.0,1.0,1.0,1.0,1.0,0.990352799006432,1.0,1.0,1.0,1.0,1.0,1.0,1.0,1.0,1.0,1.0,1.0,1.0,1.0,1.0,1.0,1.0,1.0,1.0,1.0,1.0,0.956330635493803,1.0,1.0,1.0,1.0,1.0,1.0,1.0,1.0,-8.881784197001252e-16,1.0,1.0,1.0,1.0,0.9521995810207144,0.8523576045678773,1.0,1.0,1.0,0.998333923297711,1.0,1.0,1.0,1.0,1.0,1.0,1.0,1.0,1.0,1.0,1.0,1.0,1.0,1.0,1.0,1.0,1.0,1.0,0.9983237230685665,0.7847833979496673,1.0,1.0,1.0,1.0,1.0,1.0,1.0,1.0,1.0,1.0,1.0,1.0,1.0,1.0,1.0,1.0,1.0,1.0,1.0,1.0
Block_J20-J22,1.0,0.9930972988587048,1.0,1.0,1.0,1.0,1.0,1.0,1.0,1.0,1.0,1.0,1.0,0.9902393723636551,1.0,1.0,1.0,1.0,1.0,1.0,0.994249453672147,1.0,1.0,1.0,1.0,1.0,1.0,1.0,1.0,1.0,1.0,1.0,1.0,1.0,1.0,1.0,1.0,1.0,1.0,1.0,1.0,0.884272487528431,1.0,1.0,1.0,1.0,1.0,1.0,1.0,1.0,1.0,1.0,1.0,-8.881784197001252e-16,0.9421496137027557,1.0,1.0,0.9967022372348419,0.9956210211901556,1.0,1.0,1.0,1.0,1.0,1.0,1.0,1.0,1.0,1.0,1.0,1.0,1.0,1.0,1.0,1.0,1.0,1.0,1.0,1.0,1.0,1.0,0.944142614243221,1.0,1.0,1.0,1.0,1.0,1.0,1.0,1.0,1.0,1.0,0.9721360893712323,1.0,1.0,0.9880596482941488,1.0,1.0,1.0,1.0,1.0,1.0,1.0
Block_J40-J47,0.9538542614837774,0.6909437582509221,1.0,1.0,0.5523587593759751,0.900242394083289,0.9424407419130222,1.0,1.0,1.0,1.0,1.0,1.0,0.6698064988783856,1.0,1.0,1.0,1.0,1.0,0.987064260371474,0.6947612628976241,0.9500485403345823,0.658578518089565,1.0,1.0,0.9585029667083506,1.0,1.0,1.0,0.7542806145214516,0.9783272595997924,1.0,1.0,0.8835321731447409,1.0,1.0,1.0,1.0,0.9952641474336779,1.0,1.0,1.0,0.8934368860471089,0.9591846038955928,1.0,1.0,0.9693884529216946,1.0,1.0,1.0,0.8905378293646049,0.9964501043387749,1.0,0.9421496137027557,-2.220446049250313e-16,1.0,0.9714563087626185,0.9453497700802233,0.7550146429965491,1.0,1.0,0.9923618938148179,0.9196249413304978,1.0,0.6904438950924536,1.0,1.0,1.0,1.0,1.0,1.0,1.0,1.0,1.0,1.0,1.0,0.9966012336642365,1.0,0.8843466338837188,1.0,0.9785043142885651,0.982103174097074,1.0,1.0,1.0,1.0,0.9991162839304314,1.0,1.0,0.976544102434824,0.8303196722629164,1.0,1.0,1.0,1.0,0.8616366685787069,1.0,0.993022477450352,1.0,1.0,0.8593321881401801,1.0,1.0
Block_K35-K38,1.0,0.996932132826091,1.0,1.0,1.0,1.0,1.0,1.0,1.0,1.0,1.0,1.0,1.0,1.0,1.0,1.0,1.0,1.0,1.0,1.0,1.0,1.0,1.0,1.0,1.0,1.0,1.0,1.0,1.0,1.0,1.0,1.0,1.0,1.0,1.0,1.0,1.0,1.0,1.0,1.0,1.0,1.0,1.0,0.9958003947443419,1.0,1.0,1.0,1.0,1.0,1.0,1.0,1.0,1.0,1.0,1.0,8.881784197001252e-16,1.0,1.0,1.0,0.2617113734013058,1.0,0.5356014895205383,1.0,1.0,1.0,1.0,1.0,1.0,1.0,1.0,1.0,1.0,1.0,1.0,1.0,1.0,0.6181186920870132,1.0,1.0,1.0,1.0,1.0,1.0,1.0,1.0,1.0,1.0,1.0,1.0,1.0,1.0,1.0,1.0,1.0,1.0,1.0,1.0,1.0,1.0,1.0,1.0,1.0,1.0
Block_K50-K52,1.0,0.9950804680544724,1.0,1.0,0.9855397083896622,1.0,1.0,1.0,0.9175213901157677,1.0,1.0,1.0,1.0,1.0,1.0,1.0,1.0,1.0,1.0,1.0,0.9907786110804585,1.0,0.9929864797073447,1.0,1.0,1.0,1.0,1.0,1.0,1.0,1.0,1.0,1.0,1.0,1.0,1.0,1.0,1.0,1.0,1.0,1.0,1.0,1.0,1.0,1.0,1.0,1.0,0.670941371086311,1.0,1.0,1.0,1.0,1.0,1.0,0.9714563087626185,1.0,-4.440892098500626e-16,1.0,1.0,1.0,1.0,1.0,1.0,1.0,1.0,1.0,1.0,1.0,1.0,1.0,1.0,1.0,1.0,1.0,1.0,1.0,1.0,1.0,1.0,1.0,0.9631144443218341,1.0,1.0,1.0,1.0,1.0,1.0,0.7525641703473032,1.0,1.0,1.0,1.0,1.0,1.0,1.0,1.0,1.0,1.0,1.0,1.0,1.0,1.0,1.0
Block_K40-K46,1.0,0.7998635647019761,1.0,0.9820439743283554,1.0,0.9909477260743111,0.36051922617514653,1.0,1.0,1.0,1.0,0.9472997998026172,1.0,0.9071691320373745,1.0,1.0,1.0,1.0,1.0,0.8333471092057141,1.0,1.0,0.9903074620856755,0.9889635748695987,1.0,0.8711344220887376,1.0,1.0,1.0,0.9854324704871816,0.6602498402609495,1.0,1.0,0.8831968811787926,1.0,1.0,1.0,1.0,1.0,1.0,0.8298987461609872,1.0,1.0,0.9790598556172068,1.0,1.0,1.0,0.9964472490457539,1.0,1.0,0.9971784827743156,1.0,0.9521995810207144,0.9967022372348419,0.9453497700802233,1.0,1.0,0.0,0.9603743535111772,1.0,1.0,0.9917667844000932,0.9980471091855014,1.0,0.9872301463872117,1.0,1.0,0.9916704578022887,1.0,1.0,1.0,1.0,1.0,1.0,1.0,0.9843921379004713,1.0,1.0,1.0,1.0,1.0,0.9955790942342132,1.0,1.0,0.9762713227728185,1.0,0.8677119481404219,1.0,1.0,1.0,0.8150532645075361,1.0,1.0,1.0,1.0,0.9084891365713648,1.0,0.9948291999087499,1.0,1.0,1.0,1.0,1.0
Block_L40-L45,0.9976100548575737,0.8191632387179708,1.0,1.0,0.8301709777501866,1.0,0.9875667755791321,1.0,1.0,1.0,1.0,1.0,1.0,0.743892443110707,1.0,1.0,0.9861524531352783,1.0,1.0,1.0,0.5829436572355967,1.0,0.7254321637194463,1.0,1.0,1.0,1.0,0.992005115090037,1.0,0.9680085114758298,0.9958987105774828,1.0,0.9250893582770597,0.9924509531824524,1.0,1.0,1.0,1.0,0.996893174598548,1.0,1.0,1.0,0.9967230723179238,0.9042249715345694,1.0,0.9739321999136429,1.0,0.9988206079201886,1.0,1.0,0.756471666860834,1.0,0.8523576045678773,0.9956210211901556,0.7550146429965491,1.0,1.0,0.9603743535111772,2.4424906541753444e-15,1.0,1.0,1.0,0.8998387147584295,1.0,0.9727482852328312,1.0,1.0,1.0,1.0,1.0,1.0,1.0,1.0,1.0,1.0,1.0,1.0,1.0,1.0,1.0,1.0,0.9243375898723741,0.9217178387059584,1.0,1.0,1.0,1.0,1.0,1.0,1.0,0.907093876169688,1.0,1.0,1.0,1.0,0.9209427407817582,0.987412972114637,0.9877935702922241,1.0,1.0,0.9473053166153665,1.0,0.9297281256237118
Block_I60-I69,1.0,0.9985289360734847,1.0,0.9792787831481088,1.0,1.0,1.0,1.0,1.0,1.0,1.0,1.0,1.0,1.0,1.0,0.9506736376333009,1.0,1.0,1.0,1.0,1.0,1.0,1.0,1.0,1.0,1.0,1.0,1.0,1.0,1.0,1.0,1.0,1.0,0.992842979119728,1.0,1.0,1.0,1.0,1.0,1.0,1.0,1.0,1.0,1.0,1.0,1.0,1.0,1.0,1.0,1.0,1.0,1.0,1.0,1.0,1.0,0.2617113734013058,1.0,1.0,1.0,7.771561172376096e-16,1.0,0.5368206953756388,0.9949293279988909,1.0,1.0,1.0,1.0,1.0,1.0,1.0,1.0,1.0,1.0,1.0,1.0,1.0,0.6163309414716642,1.0,1.0,1.0,1.0,0.9897965676002228,1.0,1.0,1.0,0.9914988235683113,0.9909310807370943,1.0,1.0,1.0,1.0,1.0,1.0,1.0,1.0,1.0,1.0,0.9920438763790383,1.0,1.0,1.0,1.0,1.0
Block_A00-A09,1.0,1.0,1.0,1.0,1.0,1.0,1.0,1.0,1.0,1.0,1.0,1.0,1.0,1.0,1.0,1.0,1.0,1.0,1.0,1.0,1.0,1.0,1.0,1.0,1.0,1.0,1.0,1.0,1.0,1.0,1.0,1.0,1.0,1.0,1.0,1.0,1.0,1.0,1.0,1.0,0.91695452014626,1.0,1.0,1.0,1.0,1.0,1.0,1.0,1.0,1.0,1.0,1.0,1.0,1.0,1.0,1.0,1.0,1.0,1.0,1.0,0.0,1.0,1.0,1.0,1.0,1.0,1.0,1.0,1.0,1.0,1.0,1.0,1.0,1.0,1.0,1.0,1.0,1.0,1.0,1.0,1.0,1.0,1.0,1.0,1.0,1.0,1.0,1.0,1.0,1.0,1.0,1.0,1.0,1.0,1.0,1.0,1.0,1.0,1.0,1.0,1.0,1.0,1.0
Block_I30-I52,0.9878340187065505,0.9985638893505205,1.0,1.0,0.9898689977797273,1.0,1.0,1.0,1.0,1.0,1.0,1.0,1.0,1.0,1.0,1.0,1.0,1.0,1.0,1.0,1.0,1.0,0.9877156713758763,1.0,1.0,1.0,1.0,1.0,1.0,1.0,1.0,1.0,1.0,0.8794748333771172,1.0,1.0,1.0,1.0,1.0,1.0,1.0,1.0,1.0,0.9960682145025361,1.0,0.9926279021922552,1.0,1.0,1.0,1.0,1.0,0.9733267465315367,1.0,1.0,0.9923618938148179,0.5356014895205383,1.0,0.9917667844000932,1.0,0.5368206953756388,1.0,-1.7763568394002505e-15,0.7467152740755473,0.9026721496524042,1.0,1.0,1.0,0.9765402955575706,1.0,0.9759228293828461,1.0,1.0,1.0,1.0,0.9659497387696501,1.0,0.8212361285406629,1.0,1.0,1.0,1.0,0.9128413085377246,1.0,0.9948667299766065,0.8682483754709729,1.0,0.8671984476883383,1.0,1.0,1.0,1.0,1.0,1.0,1.0,1.0,1.0,0.9839814790018577,0.9058241330895734,1.0,1.0,1.0,1.0,1.0
Block_I10-I15,1.0,0.9039393578527145,0.9802164352937768,0.9952017807685294,0.9807756850892049,0.9024355338685016,0.996663900882489,0.9775675461747051,1.0,1.0,1.0,0.908157106538257,1.0,0.9617067541373862,1.0,1.0,1.0,1.0,1.0,0.868765351950196,0.887196247730599,1.0,0.8060703501364783,1.0,1.0,1.0,1.0,1.0,0.9720218144803734,0.9892200952246917,0.9990095829686676,0.9953369690800622,0.9924624543093795,0.9378518245214255,1.0,1.0,1.0,1.0,0.9615489327157426,0.9802164352937768,0.9852135793817876,1.0,0.9802164352937768,0.991606544344112,0.9868109568625179,1.0,0.9776174515842987,0.8917720367406343,1.0,1.0,0.9988690488812692,1.0,0.998333923297711,1.0,0.9196249413304978,1.0,1.0,0.9980471091855014,0.8998387147584295,0.9949293279988909,1.0,0.7467152740755473,1.2212453270876722e-15,1.0,0.9532018180923315,1.0,0.9802164352937768,1.0,1.0,1.0,1.0,1.0,0.9850450307831368,1.0,1.0,1.0,0.9878850902941047,1.0,0.9975461508024351,1.0,0.994891905557612,0.6302352860790923,1.0,0.9975648115234249,0.9565202943206047,1.0,0.9149497900320349,1.0,1.0,0.9355517073390002,0.9992155306319286,1.0,0.9958748415973216,1.0,1.0,0.9743679298650789,0.9037450158404553,0.757273620660035,0.997445952778806,1.0,0.9515682837594479,0.8154711929637459,0.9004650241530326
Block_H53-H54,1.0,1.0,1.0,1.0,1.0,1.0,1.0,1.0,1.0,0.4590253677019184,1.0,1.0,1.0,1.0,1.0,1.0,1.0,1.0,1.0,1.0,1.0,1.0,1.0,1.0,1.0,1.0,1.0,1.0,1.0,1.0,1.0,1.0,1.0,1.0,1.0,1.0,1.0,1.0,1.0,1.0,1.0,1.0,1.0,1.0,1.0,1.0,1.0,1.0,1.0,1.0,1.0,1.0,1.0,1.0,1.0,1.0,1.0,1.0,1.0,1.0,1.0,0.9026721496524042,1.0,3.3306690738754696e-16,1.0,1.0,1.0,1.0,1.0,1.0,1.0,1.0,1.0,1.0,1.0,1.0,1.0,1.0,1.0,1.0,1.0,1.0,1.0,1.0,1.0,1.0,1.0,1.0,1.0,1.0,1.0,1.0,1.0,1.0,1.0,1.0,1.0,0.9864164627794265,1.0,1.0,1.0,1.0,1.0
Block_J30-J39,0.9946086747798574,0.9198124704070961,1.0,1.0,0.85857983146383,0.9939743180453399,1.0,1.0,1.0,1.0,1.0,1.0,1.0,0.8278938430867333,1.0,1.0,1.0,1.0,1.0,1.0,0.8822992312799272,1.0,0.7441427839698718,1.0,1.0,1.0,1.0,1.0,1.0,1.0,1.0,1.0,0.9906118804707527,1.0,1.0,1.0,1.0,1.0,1.0,1.0,0.9846527537088715,1.0,1.0,1.0,1.0,1.0,1.0,1.0,1.0,1.0,0.9957741532641348,1.0,1.0,1.0,0.6904438950924536,1.0,1.0,0.9872301463872117,0.9727482852328312,1.0,1.0,1.0,0.9532018180923315,1.0,-4.440892098500626e-16,1.0,1.0,1.0,1.0,1.0,1.0,1.0,1.0,1.0,1.0,1.0,1.0,1.0,0.7707772146361305,1.0,0.9809133888562044,1.0,1.0,1.0,1.0,1.0,1.0,1.0,1.0,1.0,0.9941375939887289,1.0,1.0,1.0,1.0,0.8183571607590256,1.0,1.0,1.0,1.0,0.7941942122756638,1.0,1.0
Block_G80-G83,1.0,1.0,1.0,1.0,1.0,1.0,1.0,1.0,1.0,1.0,1.0,1.0,1.0,1.0,1.0,1.0,1.0,1.0,1.0,1.0,1.0,1.0,0.9672702386342749,1.0,1.0,1.0,1.0,1.0,1.0,1.0,1.0,1.0,1.0,1.0,1.0,1.0,1.0,1.0,1.0,1.0,1.0,1.0,1.0,1.0,1.0,1.0,1.0,1.0,1.0,1.0,1.0,1.0,1.0,1.0,1.0,1.0,1.0,1.0,1.0,1.0,1.0,1.0,1.0,1.0,1.0,0.0,1.0,1.0,1.0,1.0,1.0,1.0,1.0,1.0,1.0,1.0,1.0,1.0,1.0,1.0,1.0,1.0,1.0,1.0,1.0,1.0,1.0,1.0,1.0,1.0,1.0,1.0,1.0,1.0,1.0,1.0,1.0,1.0,1.0,1.0,1.0,1.0,1.0
Block_N10-N16,1.0,1.0,1.0,1.0,0.9392667752365813,1.0,0.9156850859020986,1.0,1.0,1.0,1.0,1.0,1.0,1.0,1.0,1.0,1.0,1.0,1.0,1.0,1.0,1.0,1.0,1.0,1.0,1.0,1.0,1.0,1.0,1.0,0.8998747651356482,1.0,1.0,1.0,1.0,1.0,1.0,1.0,1.0,1.0,1.0,1.0,1.0,1.0,1.0,1.0,1.0,1.0,1.0,1.0,1.0,1.0,1.0,1.0,1.0,1.0,1.0,1.0,1.0,1.0,1.0,1.0,0.9802164352937768,1.0,1.0,1.0,0.0,1.0,1.0,1.0,1.0,1.0,1.0,1.0,1.0,1.0,1.0,1.0,1.0,1.0,1.0,1.0,1.0,1.0,1.0,1.0,1.0,1.0,1.0,1.0,1.0,1.0,1.0,1.0,1.0,1.0,1.0,1.0,1.0,1.0,1.0,1.0,1.0
Block_I26-I28,1.0,1.0,1.0,1.0,1.0,1.0,1.0,1.0,1.0,1.0,0.9783476732512789,0.9582152843517265,1.0,0.9897276874299882,1.0,1.0,1.0,1.0,1.0,1.0,1.0,1.0,1.0,1.0,1.0,1.0,1.0,1.0,1.0,1.0,1.0,1.0,0.7570932792832292,1.0,1.0,1.0,1.0,1.0,1.0,1.0,1.0,1.0,1.0,0.9840888543164854,1.0,1.0,1.0,0.7570432023809983,1.0,1.0,1.0,1.0,1.0,1.0,1.0,1.0,1.0,0.9916704578022887,1.0,1.0,1.0,0.9765402955575706,1.0,1.0,1.0,1.0,1.0,-2.220446049250313e-16,1.0,1.0,1.0,1.0,1.0,1.0,1.0,1.0,1.0,1.0,1.0,1.0,1.0,1.0,1.0,1.0,1.0,1.0,1.0,1.0,1.0,1.0,1.0,0.8874912099073976,1.0,1.0,1.0,1.0,1.0,0.8873693151911564,1.0,1.0,1.0,1.0,1.0
Block_E50-E64,1.0,1.0,1.0,1.0,1.0,1.0,1.0,1.0,1.0,1.0,1.0,1.0,1.0,1.0,1.0,1.0,1.0,1.0,1.0,0.8780124908814333,1.0,1.0,1.0,1.0,1.0,1.0,1.0,1.0,1.0,1.0,1.0,1.0,1.0,1.0,1.0,1.0,1.0,1.0,1.0,1.0,1.0,1.0,1.0,1.0,1.0,1.0,1.0,1.0,1.0,1.0,1.0,1.0,1.0,1.0,1.0,1.0,1.0,1.0,1.0,1.0,1.0,1.0,1.0,1.0,1.0,1.0,1.0,1.0,-2.220446049250313e-16,1.0,1.0,1.0,1.0,1.0,1.0,1.0,1.0,1.0,1.0,1.0,1.0,0.9918739460840384,1.0,1.0,1.0,1.0,1.0,1.0,1.0,1.0,1.0,1.0,1.0,1.0,1.0,1.0,1.0,1.0,1.0,1.0,1.0,1.0,1.0
Block_I95-I99,1.0,1.0,1.0,1.0,1.0,1.0,1.0,1.0,1.0,1.0,1.0,1.0,1.0,1.0,1.0,1.0,1.0,1.0,1.0,1.0,1.0,1.0,1.0,0.7418011102528388,1.0,1.0,1.0,1.0,1.0,1.0,1.0,0.8639172365120457,1.0,1.0,1.0,1.0,1.0,1.0,1.0,1.0,1.0,1.0,1.0,1.0,1.0,1.0,1.0,1.0,1.0,1.0,1.0,1.0,1.0,1.0,1.0,1.0,1.0,1.0,1.0,1.0,1.0,0.9759228293828461,1.0,1.0,1.0,1.0,1.0,1.0,1.0,-2.220446049250313e-16,1.0,1.0,1.0,1.0,1.0,1.0,1.0,1.0,1.0,1.0,1.0,1.0,1.0,1.0,1.0,1.0,1.0,1.0,1.0,1.0,1.0,1.0,1.0,1.0,1.0,1.0,1.0,1.0,1.0,1.0,1.0,1.0,1.0
Block_H80-H83,1.0,1.0,1.0,1.0,0.9848166938091453,1.0,1.0,1.0,1.0,1.0,1.0,1.0,1.0,1.0,1.0,1.0,1.0,1.0,1.0,1.0,1.0,1.0,1.0,1.0,1.0,1.0,1.0,1.0,1.0,1.0,1.0,1.0,1.0,1.0,1.0,1.0,1.0,1.0,0.9762977268430011,1.0,1.0,1.0,1.0,1.0,1.0,1.0,1.0,1.0,1.0,1.0,1.0,1.0,1.0,1.0,1.0,1.0,1.0,1.0,1.0,1.0,1.0,1.0,1.0,1.0,1.0,1.0,1.0,1.0,1.0,1.0,0.0,1.0,1.0,1.0,1.0,1.0,1.0,1.0,1.0,1.0,1.0,0.9452621142797603,1.0,1.0,1.0,1.0,1.0,1.0,1.0,1.0,1.0,1.0,1.0,1.0,1.0,1.0,1.0,1.0,1.0,1.0,1.0,1.0,1.0
Block_C30-C39,1.0,1.0,1.0,1.0,0.9961039618148985,1.0,1.0,1.0,1.0,1.0,1.0,1.0,1.0,1.0,1.0,1.0,1.0,1.0,1.0,1.0,1.0,1.0,1.0,1.0,1.0,1.0,1.0,1.0,1.0,1.0,1.0,1.0,1.0,0.8952089860952205,1.0,1.0,1.0,1.0,1.0,1.0,1.0,1.0,1.0,1.0,1.0,1.0,0.8911337892096365,1.0,1.0,1.0,0.9889983606335925,1.0,1.0,1.0,1.0,1.0,1.0,1.0,1.0,1.0,1.0,1.0,1.0,1.0,1.0,1.0,1.0,1.0,1.0,1.0,1.0,-2.220446049250313e-16,1.0,1.0,1.0,1.0,1.0,1.0,1.0,1.0,1.0,0.9731853901347685,1.0,1.0,1.0,1.0,1.0,1.0,1.0,1.0,1.0,1.0,0.9598713823047436,1.0,1.0,1.0,1.0,1.0,1.0,1.0,1.0,1.0,1.0
Block_M86-M90,0.9448682153580029,1.0,1.0,1.0,1.0,1.0,0.9893773193087229,1.0,1.0,0.9480825868348834,1.0,1.0,1.0,1.0,1.0,1.0,1.0,1.0,1.0,1.0,1.0,1.0,1.0,1.0,1.0,1.0,1.0,1.0,1.0,1.0,1.0,1.0,1.0,1.0,1.0,1.0,1.0,1.0,1.0,1.0,1.0,1.0,1.0,1.0,1.0,1.0,1.0,1.0,1.0,1.0,1.0,1.0,1.0,1.0,1.0,1.0,1.0,1.0,1.0,1.0,1.0,1.0,0.9850450307831368,1.0,1.0,1.0,1.0,1.0,1.0,1.0,1.0,1.0,2.220446049250313e-16,1.0,1.0,1.0,1.0,1.0,1.0,1.0,1.0,1.0,1.0,1.0,1.0,1.0,1.0,1.0,1.0,1.0,1.0,1.0,1.0,0.4654775161751513,1.0,1.0,1.0,1.0,1.0,1.0,1.0,1.0,1.0
Block_H60-H62,1.0,1.0,1.0,1.0,1.0,1.0,1.0,1.0,1.0,1.0,1.0,1.0,1.0,1.0,1.0,1.0,1.0,1.0,1.0,1.0,1.0,1.0,1.0,1.0,1.0,1.0,1.0,1.0,1.0,1.0,1.0,1.0,1.0,1.0,1.0,1.0,1.0,1.0,1.0,1.0,0.9119169670727945,1.0,0.8585786437626906,1.0,1.0,1.0,1.0,1.0,0.75,1.0,1.0,1.0,1.0,1.0,1.0,1.0,1.0,1.0,1.0,1.0,1.0,1.0,1.0,1.0,1.0,1.0,1.0,1.0,1.0,1.0,1.0,1.0,1.0,1.1102230246251565e-16,1.0,1.0,1.0,1.0,1.0,1.0,1.0,1.0,1.0,1.0,1.0,1.0,1.0,1.0,1.0,1.0,1.0,1.0,1.0,1.0,1.0,1.0,1.0,1.0,1.0,1.0,1.0,1.0,1.0
Block_H10-H13,1.0,1.0,1.0,1.0,0.9958676274693294,1.0,1.0,1.0,1.0,1.0,1.0,1.0,1.0,1.0,1.0,1.0,1.0,1.0,1.0,1.0,1.0,1.0,1.0,1.0,1.0,1.0,1.0,1.0,1.0,1.0,1.0,1.0,1.0,1.0,1.0,1.0,1.0,1.0,1.0,1.0,0.7965809489137569,1.0,1.0,1.0,1.0,1.0,1.0,1.0,1.0,1.0,1.0,0.9564805860110756,1.0,1.0,1.0,1.0,1.0,1.0,1.0,1.0,1.0,0.9659497387696501,1.0,1.0,1.0,1.0,1.0,1.0,1.0,1.0,1.0,1.0,1.0,1.0,-2.220446049250313e-16,1.0,1.0,1.0,1.0,1.0,1.0,1.0,0.8865976970933713,1.0,1.0,1.0,1.0,1.0,1.0,0.9640557422655205,1.0,1.0,1.0,1.0,1.0,1.0,1.0,1.0,1.0,1.0,1.0,1.0,1.0
Block_H15-H22,1.0,1.0,1.0,1.0,1.0,1.0,1.0,1.0,1.0,1.0,1.0,1.0,1.0,1.0,1.0,1.0,1.0,1.0,1.0,1.0,1.0,1.0,1.0,1.0,1.0,1.0,1.0,1.0,1.0,1.0,1.0,1.0,1.0,1.0,1.0,1.0,1.0,1.0,1.0,1.0,1.0,1.0,1.0,1.0,1.0,1.0,0.7316718427000253,1.0,1.0,1.0,1.0,1.0,1.0,1.0,1.0,1.0,1.0,0.9843921379004713,1.0,1.0,1.0,1.0,1.0,1.0,1.0,1.0,1.0,1.0,1.0,1.0,1.0,1.0,1.0,1.0,1.0,0.0,1.0,1.0,1.0,1.0,1.0,1.0,1.0,1.0,1.0,1.0,1.0,1.0,1.0,1.0,1.0,1.0,1.0,1.0,1.0,1.0,1.0,1.0,1.0,1.0,1.0,1.0,0.9478359469042699
Block_I05-I09,1.0,0.9964853166133729,1.0,1.0,1.0,1.0,1.0,1.0,1.0,1.0,1.0,1.0,1.0,1.0,1.0,1.0,1.0,1.0,1.0,1.0,1.0,1.0,1.0,1.0,1.0,1.0,1.0,1.0,1.0,1.0,1.0,1.0,1.0,1.0,1.0,1.0,1.0,1.0,1.0,1.0,1.0,1.0,1.0,1.0,1.0,1.0,1.0,1.0,1.0,1.0,1.0,1.0,1.0,1.0,0.9966012336642365,0.6181186920870132,1.0,1.0,1.0,0.6163309414716642,1.0,0.8212361285406629,0.9878850902941047,1.0,1.0,1.0,1.0,1.0,1.0,1.0,1.0,1.0,1.0,1.0,1.0,1.0,2.220446049250313e-16,1.0,1.0,1.0,1.0,0.9918739460840384,1.0,1.0,1.0,1.0,1.0,1.0,1.0,1.0,1.0,1.0,1.0,1.0,1.0,1.0,1.0,0.9952477837623983,1.0,1.0,1.0,1.0,1.0
Block_H43-H45,1.0,1.0,1.0,1.0,1.0,1.0,1.0,1.0,1.0,1.0,0.8075499102701247,1.0,1.0,1.0,1.0,1.0,1.0,1.0,1.0,1.0,1.0,1.0,1.0,1.0,1.0,1.0,1.0,1.0,1.0,1.0,1.0,1.0,1.0,1.0,1.0,1.0,1.0,1.0,1.0,1.0,1.0,1.0,1.0,1.0,1.0,1.0,1.0,1.0,1.0,1.0,1.0,1.0,1.0,1.0,1.0,1.0,1.0,1.0,1.0,1.0,1.0,1.0,1.0,1.0,1.0,1.0,1.0,1.0,1.0,1.0,1.0,1.0,1.0,1.0,1.0,1.0,1.0,0.0,1.0,1.0,1.0,1.0,1.0,1.0,1.0,1.0,1.0,1.0,1.0,1.0,1.0,1.0,1.0,1.0,1.0,1.0,1.0,1.0,1.0,1.0,1.0,1.0,1.0
Block_H00-H06,1.0,1.0,1.0,1.0,0.8719384999572845,1.0,1.0,1.0,1.0,1.0,1.0,1.0,1.0,1.0,1.0,1.0,1.0,1.0,1.0,1.0,1.0,1.0,0.8863304366033564,1.0,1.0,1.0,1.0,1.0,1.0,1.0,1.0,1.0,1.0,1.0,1.0,1.0,1.0,1.0,1.0,1.0,1.0,1.0,1.0,1.0,1.0,1.0,1.0,1.0,1.0,1.0,1.0,0.9471114114652055,1.0,1.0,0.8843466338837188,1.0,1.0,1.0,1.0,1.0,1.0,1.0,0.9975461508024351,1.0,0.7707772146361305,1.0,1.0,1.0,1.0,1.0,1.0,1.0,1.0,1.0,1.0,1.0,1.0,1.0,-8.881784197001252e-16,1.0,1.0,1.0,1.0,1.0,1.0,1.0,1.0,1.0,1.0,1.0,1.0,1.0,1.0,1.0,1.0,0.6896780570508164,1.0,1.0,0.9039231077169477,1.0,0.6665839639403394,1.0,1.0
Block_B25-B34,1.0,1.0,1.0,1.0,1.0,1.0,1.0,0.4654775161751513,1.0,1.0,1.0,1.0,1.0,1.0,1.0,1.0,1.0,1.0,1.0,1.0,1.0,1.0,1.0,1.0,1.0,1.0,1.0,1.0,1.0,1.0,1.0,1.0,1.0,1.0,1.0,1.0,1.0,1.0,1.0,1.0,1.0,1.0,1.0,1.0,1.0,1.0,1.0,1.0,1.0,1.0,1.0,1.0,1.0,1.0,1.0,1.0,1.0,1.0,1.0,1.0,1.0,1.0,1.0,1.0,1.0,1.0,1.0,1.0,1.0,1.0,1.0,1.0,1.0,1.0,1.0,1.0,1.0,1.0,1.0,2.220446049250313e-16,1.0,1.0,1.0,1.0,1.0,1.0,1.0,1.0,1.0,1.0,1.0,1.0,1.0,1.0,1.0,1.0,1.0,1.0,1.0,1.0,1.0,1.0,1.0
Block_G60-G64,1.0,0.9822169523902471,1.0,1.0,1.0,1.0,1.0,1.0,1.0,1.0,1.0,1.0,1.0,0.9858555067642457,1.0,1.0,1.0,1.0,1.0,0.9845696650037908,0.9944444444444445,1.0,0.9746476358610408,1.0,1.0,1.0,1.0,1.0,1.0,0.9531031694591561,1.0,1.0,1.0,1.0,1.0,1.0,1.0,1.0,1.0,1.0,1.0,0.925464400750007,0.9225403330758517,0.9269703256659778,1.0,1.0,1.0,1.0,1.0,1.0,1.0,1.0,1.0,1.0,0.9785043142885651,1.0,0.9631144443218341,1.0,1.0,1.0,1.0,1.0,0.994891905557612,1.0,0.9809133888562044,1.0,1.0,1.0,1.0,1.0,1.0,1.0,1.0,1.0,1.0,1.0,1.0,1.0,1.0,1.0,2.220446049250313e-16,1.0,1.0,1.0,1.0,1.0,1.0,1.0,1.0,1.0,1.0,1.0,1.0,1.0,1.0,0.9884645243299003,1.0,0.9939888691022171,1.0,1.0,0.9256363400776246,1.0,1.0
Block_I20-I25,1.0,0.9468774575430863,1.0,1.0,0.9601071002017402,0.9983774911484904,0.9988811587557811,1.0,1.0,1.0,1.0,0.9815189632728787,1.0,0.9960018436171816,1.0,1.0,1.0,1.0,1.0,0.971451220206266,0.9250508869390074,1.0,0.8374568344169815,1.0,1.0,1.0,1.0,0.9844600126058384,1.0,0.9963846991211804,1.0,1.0,1.0,0.8340906074274991,0.9473371516693716,1.0,1.0,1.0,1.0,1.0,0.9867760465867157,0.9827620365152083,0.9980095314283549,0.9793570505703489,1.0,0.9982406577190638,0.9943701047010043,1.0,1.0,0.9128179070897362,0.972690996495379,1.0,0.9983237230685665,0.944142614243221,0.982103174097074,1.0,1.0,0.9955790942342132,0.9243375898723741,0.9897965676002228,1.0,0.9128413085377246,0.6302352860790923,1.0,1.0,1.0,1.0,1.0,0.9918739460840384,1.0,0.9452621142797603,0.9731853901347685,1.0,1.0,1.0,1.0,0.9918739460840384,1.0,1.0,1.0,1.0,-1.5543122344752192e-15,1.0,0.8578943483458482,0.9917976434343007,1.0,0.9271062590713414,1.0,1.0,1.0,0.9992107278714674,1.0,1.0,1.0,0.8842786011348418,0.9964428968997048,1.0,0.4151877052812598,1.0,1.0,0.9933118115738184,1.0,0.9868663135353968
Block_L00-L08,1.0,1.0,1.0,1.0,1.0,1.0,1.0,1.0,1.0,0.862639436051311,1.0,1.0,1.0,1.0,1.0,1.0,1.0,1.0,1.0,1.0,1.0,1.0,0.9981816799241264,1.0,1.0,1.0,1.0,1.0,1.0,1.0,1.0,1.0,1.0,1.0,1.0,1.0,1.0,1.0,1.0,1.0,1.0,1.0,1.0,1.0,1.0,1.0,1.0,1.0,1.0,1.0,1.0,0.9763110315160433,0.7847833979496673,1.0,1.0,1.0,1.0,1.0,0.9217178387059584,1.0,1.0,1.0,1.0,1.0,1.0,1.0,1.0,1.0,1.0,1.0,1.0,1.0,1.0,1.0,0.8865976970933713,1.0,1.0,1.0,1.0,1.0,1.0,1.0,2.220446049250313e-16,1.0,1.0,1.0,1.0,1.0,1.0,1.0,1.0,1.0,1.0,1.0,1.0,1.0,1.0,1.0,1.0,1.0,1.0,1.0,1.0
Block_H40-H42,1.0,1.0,1.0,1.0,0.8729123658020936,1.0,1.0,1.0,1.0,1.0,1.0,1.0,1.0,1.0,1.0,1.0,0.9583874810711761,1.0,1.0,1.0,1.0,1.0,0.9677699589927611,1.0,1.0,1.0,1.0,1.0,1.0,1.0,1.0,1.0,1.0,0.989688529585171,1.0,1.0,1.0,1.0,1.0,1.0,1.0,1.0,1.0,1.0,1.0,1.0,1.0,1.0,1.0,1.0,1.0,1.0,1.0,1.0,1.0,1.0,1.0,1.0,1.0,1.0,1.0,0.9948667299766065,0.9975648115234249,1.0,1.0,1.0,1.0,1.0,1.0,1.0,1.0,1.0,1.0,1.0,1.0,1.0,1.0,1.0,1.0,1.0,1.0,0.8578943483458482,1.0,6.661338147750939e-16,1.0,1.0,0.9608018919163597,1.0,1.0,1.0,1.0,1.0,1.0,1.0,1.0,1.0,1.0,0.8538495950325968,1.0,1.0,0.9763656774215445,1.0,1.0
Block_G40-G47,1.0,1.0,1.0,1.0,1.0,0.9776064054434271,1.0,1.0,1.0,1.0,1.0,1.0,1.0,1.0,1.0,1.0,1.0,1.0,1.0,1.0,1.0,1.0,1.0,1.0,1.0,1.0,1.0,1.0,1.0,1.0,1.0,1.0,1.0,1.0,1.0,1.0,1.0,1.0,1.0,1.0,1.0,1.0,1.0,1.0,1.0,1.0,1.0,0.8615759835532145,1.0,1.0,1.0,1.0,1.0,1.0,1.0,1.0,1.0,0.9762713227728185,1.0,1.0,1.0,0.8682483754709729,0.9565202943206047,1.0,1.0,1.0,1.0,1.0,1.0,1.0,1.0,1.0,1.0,1.0,1.0,1.0,1.0,1.0,1.0,1.0,1.0,0.9917976434343007,1.0,1.0,0.0,1.0,1.0,1.0,1.0,0.9637182300933934,1.0,1.0,1.0,1.0,1.0,1.0,1.0,0.9904063220694241,1.0,1.0,1.0,1.0,1.0
Block_L80-L99,1.0,1.0,1.0,1.0,0.8751075775366333,1.0,1.0,1.0,1.0,1.0,1.0,1.0,1.0,1.0,1.0,1.0,1.0,1.0,1.0,1.0,1.0,1.0,1.0,1.0,1.0,1.0,1.0,1.0,1.0,1.0,1.0,1.0,1.0,1.0,1.0,1.0,1.0,1.0,0.8962275695515889,1.0,1.0,1.0,1.0,0.9953093497017981,1.0,1.0,1.0,1.0,1.0,1.0,1.0,1.0,1.0,1.0,1.0,1.0,1.0,1.0,1.0,0.9914988235683113,1.0,1.0,1.0,1.0,1.0,1.0,1.0,1.0,1.0,1.0,1.0,1.0,1.0,1.0,1.0,1.0,1.0,1.0,1.0,1.0,1.0,1.0,1.0,1.0,1.0,-4.440892098500626e-16,0.9894377818702779,1.0,1.0,1.0,1.0,1.0,1.0,1.0,1.0,0.8444075589010828,1.0,1.0,0.8201577515614522,1.0,1.0,1.0,1.0
Block_H25-H28,0.9845165801555047,0.9753258945167304,1.0,1.0,0.9677661511557527,0.978368453083476,0.9179588649752576,1.0,1.0,1.0,1.0,0.9901443147713674,1.0,0.9980616705857258,1.0,1.0,1.0,1.0,1.0,1.0,1.0,1.0,0.992182980846047,1.0,1.0,1.0,1.0,1.0,0.9437060031219399,0.997590011589004,1.0,1.0,1.0,0.8466098449736533,1.0,1.0,1.0,1.0,1.0,1.0,1.0,1.0,1.0,1.0,1.0,1.0,1.0,0.9961796146679639,1.0,1.0,1.0,0.9094758469847449,1.0,1.0,0.9991162839304314,1.0,1.0,0.8677119481404219,1.0,0.9909310807370943,1.0,0.8671984476883383,0.9149497900320349,1.0,1.0,1.0,1.0,1.0,1.0,1.0,1.0,1.0,1.0,1.0,1.0,1.0,1.0,1.0,1.0,1.0,1.0,0.9271062590713414,1.0,0.9608018919163597,1.0,0.9894377818702779,8.881784197001252e-16,1.0,1.0,1.0,1.0,0.9734627553782862,1.0,1.0,1.0,1.0,1.0,0.9023854111203865,1.0,1.0,0.7324960139486056,1.0,1.0
Block_H55-H59,1.0,1.0,1.0,1.0,1.0,1.0,1.0,1.0,1.0,1.0,1.0,1.0,1.0,1.0,1.0,1.0,1.0,1.0,1.0,1.0,1.0,1.0,1.0,1.0,1.0,1.0,1.0,1.0,1.0,1.0,1.0,1.0,1.0,1.0,1.0,1.0,1.0,1.0,1.0,1.0,1.0,1.0,1.0,1.0,1.0,1.0,1.0,1.0,1.0,1.0,1.0,1.0,1.0,1.0,1.0,1.0,0.7525641703473032,1.0,1.0,1.0,1.0,1.0,1.0,1.0,1.0,1.0,1.0,1.0,1.0,1.0,1.0,1.0,1.0,1.0,1.0,1.0,1.0,1.0,1.0,1.0,1.0,1.0,1.0,1.0,1.0,1.0,1.0,-2.220446049250313e-16,1.0,1.0,1.0,1.0,1.0,1.0,1.0,1.0,1.0,1.0,1.0,1.0,1.0,1.0,1.0
Block_N25-N29,1.0,1.0,1.0,1.0,1.0,1.0,1.0,1.0,1.0,1.0,1.0,1.0,1.0,1.0,1.0,1.0,1.0,1.0,1.0,1.0,1.0,1.0,1.0,1.0,1.0,1.0,1.0,1.0,1.0,1.0,1.0,1.0,1.0,1.0,1.0,1.0,1.0,1.0,1.0,1.0,1.0,1.0,1.0,1.0,1.0,1.0,1.0,1.0,1.0,1.0,1.0,1.0,1.0,1.0,1.0,1.0,1.0,1.0,1.0,1.0,1.0,1.0,1.0,1.0,1.0,1.0,1.0,1.0,1.0,1.0,1.0,1.0,1.0,1.0,1.0,1.0,1.0,1.0,1.0,1.0,1.0,1.0,1.0,1.0,1.0,1.0,1.0,1.0,2.220446049250313e-16,1.0,1.0,1.0,0.7051160876902057,1.0,1.0,1.0,1.0,1.0,1.0,1.0,1.0,1.0,1.0
Block_M70-M79,1.0,1.0,1.0,1.0,1.0,0.759573850059066,1.0,1.0,1.0,0.9637182300933934,1.0,1.0,1.0,1.0,1.0,1.0,1.0,1.0,1.0,0.9894765988764522,1.0,1.0,1.0,1.0,1.0,1.0,1.0,1.0,1.0,1.0,1.0,1.0,1.0,1.0,1.0,1.0,1.0,1.0,1.0,1.0,0.9415060255972226,1.0,1.0,1.0,1.0,1.0,1.0,0.7971960223570729,1.0,1.0,1.0,1.0,1.0,1.0,0.976544102434824,1.0,1.0,1.0,1.0,1.0,1.0,1.0,0.9355517073390002,1.0,1.0,1.0,1.0,1.0,1.0,1.0,1.0,1.0,1.0,1.0,0.9640557422655205,1.0,1.0,1.0,1.0,1.0,1.0,1.0,1.0,1.0,0.9637182300933934,1.0,1.0,1.0,1.0,-8.881784197001252e-16,1.0,1.0,1.0,1.0,1.0,1.0,1.0,1.0,1.0,1.0,1.0,1.0,1.0
Block_D80-D89,1.0,0.8170223415726268,1.0,1.0,0.9967890279863729,1.0,0.7470233445703041,1.0,1.0,1.0,1.0,1.0,1.0,0.7226794944329971,1.0,1.0,1.0,1.0,1.0,1.0,0.9308917993561805,1.0,0.937055756308183,1.0,1.0,0.9105879877864748,1.0,1.0,1.0,0.8577580608936156,0.7796525783241773,1.0,0.8992823478960932,0.8538439872918127,1.0,1.0,1.0,1.0,1.0,1.0,1.0,1.0,0.9762084524284557,0.9009302527770722,1.0,1.0,1.0,1.0,1.0,1.0,1.0,1.0,1.0,1.0,0.8303196722629164,1.0,1.0,0.8150532645075361,0.907093876169688,1.0,1.0,1.0,0.9992155306319286,1.0,0.9941375939887289,1.0,1.0,1.0,1.0,1.0,1.0,1.0,1.0,1.0,1.0,1.0,1.0,1.0,1.0,1.0,1.0,0.9992107278714674,1.0,1.0,1.0,1.0,1.0,1.0,1.0,1.0,-2.220446049250313e-16,1.0,1.0,1.0,1.0,0.9574828817530053,1.0,1.0,1.0,1.0,1.0,1.0,0.9901885311465222
Block_H49-H52,1.0,1.0,1.0,1.0,1.0,1.0,1.0,1.0,1.0,1.0,1.0,1.0,1.0,1.0,1.0,1.0,1.0,1.0,1.0,1.0,1.0,1.0,1.0,1.0,1.0,1.0,1.0,1.0,1.0,1.0,1.0,1.0,1.0,1.0,1.0,1.0,1.0,1.0,1.0,1.0,1.0,1.0,1.0,1.0,1.0,1.0,1.0,1.0,1.0,1.0,1.0,1.0,1.0,1.0,1.0,1.0,1.0,1.0,1.0,1.0,1.0,1.0,1.0,1.0,1.0,1.0,1.0,0.8874912099073976,1.0,1.0,1.0,1.0,1.0,1.0,1.0,1.0,1.0,1.0,1.0,1.0,1.0,1.0,1.0,1.0,1.0,1.0,0.9734627553782862,1.0,1.0,1.0,1.0,0.0,1.0,1.0,1.0,0.9776616474195615,1.0,1.0,1.0,1.0,1.0,1.0,1.0
Block_J09-J18,1.0,1.0,1.0,1.0,1.0,1.0,1.0,1.0,1.0,1.0,1.0,1.0,1.0,1.0,1.0,1.0,1.0,1.0,1.0,1.0,1.0,1.0,1.0,1.0,1.0,1.0,1.0,1.0,1.0,1.0,1.0,1.0,1.0,0.8427932609266745,1.0,1.0,1.0,1.0,1.0,1.0,1.0,1.0,1.0,1.0,1.0,1.0,1.0,1.0,1.0,1.0,1.0,1.0,1.0,0.9721360893712323,1.0,1.0,1.0,1.0,1.0,1.0,1.0,1.0,0.9958748415973216,1.0,1.0,1.0,1.0,1.0,1.0,1.0,1.0,0.9598713823047436,1.0,1.0,1.0,1.0,1.0,1.0,1.0,1.0,1.0,1.0,1.0,1.0,1.0,1.0,1.0,1.0,0.7051160876902057,1.0,1.0,1.0,0.0,1.0,1.0,1.0,1.0,1.0,1.0,1.0,1.0,1.0,1.0
Block_G20-G26,1.0,1.0,1.0,1.0,1.0,1.0,1.0,1.0,1.0,1.0,1.0,1.0,1.0,1.0,1.0,1.0,1.0,1.0,1.0,1.0,1.0,1.0,1.0,1.0,1.0,1.0,1.0,1.0,1.0,1.0,1.0,1.0,1.0,1.0,1.0,1.0,1.0,1.0,1.0,1.0,1.0,1.0,1.0,1.0,1.0,1.0,1.0,1.0,1.0,1.0,1.0,1.0,1.0,1.0,1.0,1.0,1.0,1.0,1.0,1.0,1.0,1.0,1.0,1.0,1.0,1.0,1.0,1.0,1.0,1.0,1.0,1.0,0.4654775161751513,1.0,1.0,1.0,1.0,1.0,1.0,1.0,1.0,1.0,1.0,1.0,1.0,1.0,1.0,1.0,1.0,1.0,1.0,1.0,1.0,2.220446049250313e-16,1.0,1.0,1.0,1.0,1.0,1.0,1.0,1.0,1.0
Block_G30-G32,1.0,1.0,1.0,1.0,1.0,1.0,1.0,1.0,1.0,1.0,1.0,1.0,1.0,1.0,1.0,1.0,1.0,1.0,1.0,1.0,1.0,1.0,0.9975604676232964,1.0,1.0,1.0,1.0,1.0,1.0,0.9932310255657759,1.0,1.0,1.0,1.0,1.0,1.0,1.0,1.0,1.0,1.0,1.0,1.0,1.0,1.0,1.0,1.0,1.0,1.0,1.0,0.27452374988998807,1.0,1.0,1.0,1.0,1.0,1.0,1.0,1.0,1.0,1.0,1.0,1.0,1.0,1.0,1.0,1.0,1.0,1.0,1.0,1.0,1.0,1.0,1.0,1.0,1.0,1.0,1.0,1.0,1.0,1.0,1.0,0.8842786011348418,1.0,1.0,1.0,1.0,1.0,1.0,1.0,1.0,1.0,1.0,1.0,1.0,1.1102230246251565e-16,1.0,1.0,0.8611788783212391,1.0,1.0,1.0,1.0,1.0
Block_M05-M14,1.0,0.8992269827178572,1.0,1.0,0.9430194320992848,0.9544778358897303,0.963586511941106,1.0,1.0,1.0,1.0,1.0,1.0,0.9722622122102214,1.0,1.0,1.0,1.0,1.0,1.0,0.9423226216495014,1.0,0.7813924441709066,0.9800199700499127,1.0,0.9946978505766536,1.0,1.0,1.0,0.9614553711007555,1.0,1.0,1.0,1.0,1.0,1.0,1.0,1.0,1.0,1.0,0.7328657138774255,1.0,0.9910646589678246,0.9957878398426229,1.0,1.0,1.0,1.0,1.0,1.0,0.994892005517387,1.0,1.0,0.9880596482941488,0.8616366685787069,1.0,1.0,0.9084891365713648,0.9209427407817582,1.0,1.0,1.0,0.9743679298650789,1.0,0.8183571607590256,1.0,1.0,1.0,1.0,1.0,1.0,1.0,1.0,1.0,1.0,1.0,1.0,1.0,0.6896780570508164,1.0,0.9884645243299003,0.9964428968997048,1.0,1.0,1.0,0.8444075589010828,1.0,1.0,1.0,1.0,0.9574828817530053,0.9776616474195615,1.0,1.0,1.0,4.440892098500626e-16,1.0,0.986478455426874,1.0,1.0,0.787689503030903,1.0,0.9668361471771084
Block_N17-N19,1.0,1.0,1.0,1.0,1.0,1.0,1.0,1.0,1.0,1.0,1.0,1.0,1.0,1.0,1.0,1.0,1.0,1.0,1.0,1.0,1.0,1.0,0.9832375338951372,1.0,1.0,1.0,1.0,1.0,1.0,1.0,1.0,1.0,1.0,1.0,1.0,1.0,1.0,1.0,1.0,1.0,0.989367115866997,1.0,1.0,1.0,1.0,1.0,1.0,1.0,1.0,1.0,1.0,1.0,1.0,1.0,1.0,1.0,1.0,1.0,0.987412972114637,1.0,1.0,0.9839814790018577,0.9037450158404553,1.0,1.0,1.0,1.0,1.0,1.0,1.0,1.0,1.0,1.0,1.0,1.0,1.0,1.0,1.0,1.0,1.0,1.0,1.0,1.0,1.0,1.0,1.0,1.0,1.0,1.0,1.0,1.0,1.0,1.0,1.0,1.0,1.0,0.0,0.9672108934956529,1.0,1.0,1.0,1.0,0.8310351380675263
Block_E70-E90,1.0,0.999599139148961,1.0,1.0,0.9359018035300062,0.9990511368753472,0.9986913757690848,0.9824012107550515,1.0,0.977614751495323,1.0,0.8270730000452932,1.0,0.9872463399515614,1.0,1.0,1.0,1.0,1.0,0.9958260806443516,0.9959925794014781,1.0,0.9020853262306552,1.0,1.0,1.0,1.0,0.9772800607803,1.0,0.9915429103878354,1.0,1.0,1.0,0.8956606409379729,1.0,1.0,1.0,1.0,1.0,1.0,0.9825995562830278,1.0,1.0,1.0,1.0,0.9259202802512808,1.0,0.9480500834715154,1.0,0.8791462878501122,1.0,1.0,1.0,1.0,0.993022477450352,1.0,1.0,0.9948291999087499,0.9877935702922241,0.9920438763790383,1.0,0.9058241330895734,0.757273620660035,0.9864164627794265,1.0,1.0,1.0,0.8873693151911564,1.0,1.0,1.0,1.0,1.0,1.0,1.0,1.0,0.9952477837623983,1.0,1.0,1.0,0.9939888691022171,0.4151877052812598,1.0,0.8538495950325968,0.9904063220694241,1.0,0.9023854111203865,1.0,1.0,1.0,1.0,1.0,1.0,1.0,0.8611788783212391,0.986478455426874,0.9672108934956529,1.9984014443252818e-15,1.0,1.0,0.9754144668392615,1.0,0.9903990733506487
Block_D00-D09,1.0,1.0,1.0,1.0,0.937274995181282,1.0,1.0,1.0,1.0,1.0,1.0,1.0,1.0,1.0,1.0,1.0,1.0,1.0,1.0,1.0,1.0,1.0,0.9450698776989217,1.0,1.0,1.0,1.0,0.9748023684660515,0.9543564535412362,1.0,1.0,1.0,1.0,1.0,1.0,1.0,1.0,1.0,0.9082014907956844,1.0,1.0,1.0,1.0,1.0,1.0,1.0,1.0,1.0,1.0,1.0,1.0,1.0,1.0,1.0,1.0,1.0,1.0,1.0,1.0,1.0,1.0,1.0,0.997445952778806,1.0,1.0,1.0,1.0,1.0,1.0,1.0,1.0,1.0,1.0,1.0,1.0,1.0,1.0,1.0,0.9039231077169477,1.0,1.0,1.0,1.0,1.0,1.0,0.8201577515614522,1.0,1.0,1.0,1.0,1.0,1.0,1.0,1.0,1.0,1.0,1.0,1.0,3.3306690738754696e-16,1.0,1.0,1.0,1.0
Block_B00-B09,1.0,1.0,1.0,1.0,1.0,1.0,1.0,1.0,1.0,1.0,1.0,1.0,1.0,1.0,1.0,1.0,1.0,1.0,1.0,1.0,1.0,1.0,1.0,1.0,1.0,1.0,1.0,1.0,1.0,1.0,1.0,1.0,1.0,1.0,1.0,1.0,1.0,1.0,0.9329598476846009,1.0,1.0,1.0,1.0,1.0,1.0,1.0,1.0,1.0,1.0,1.0,1.0,1.0,1.0,1.0,1.0,1.0,1.0,1.0,1.0,1.0,1.0,1.0,1.0,1.0,1.0,1.0,1.0,1.0,1.0,1.0,1.0,1.0,1.0,1.0,1.0,1.0,1.0,1.0,1.0,1.0,1.0,1.0,1.0,1.0,1.0,1.0,1.0,1.0,1.0,1.0,1.0,1.0,1.0,1.0,1.0,1.0,1.0,1.0,1.0,2.220446049250313e-16,1.0,1.0,1.0
Block_H30-H36,0.8319581523692612,0.8189947884006986,1.0,1.0,0.9144848830055775,1.0,1.0,1.0,1.0,1.0,1.0,1.0,1.0,0.9254949298296438,1.0,1.0,1.0,1.0,1.0,1.0,0.8554039945953814,1.0,0.7706224921513023,1.0,1.0,1.0,1.0,1.0,1.0,0.8474253768472744,1.0,1.0,1.0,1.0,1.0,1.0,1.0,1.0,1.0,1.0,1.0,1.0,0.8319946237419382,1.0,0.9839994879754227,1.0,1.0,1.0,1.0,1.0,1.0,1.0,1.0,1.0,0.8593321881401801,1.0,1.0,1.0,0.9473053166153665,1.0,1.0,1.0,0.9515682837594479,1.0,0.7941942122756638,1.0,1.0,1.0,1.0,1.0,1.0,1.0,1.0,1.0,1.0,1.0,1.0,1.0,0.6665839639403394,1.0,0.9256363400776246,0.9933118115738184,1.0,0.9763656774215445,1.0,1.0,0.7324960139486056,1.0,1.0,1.0,1.0,1.0,1.0,1.0,1.0,0.787689503030903,1.0,0.9754144668392615,1.0,1.0,6.661338147750939e-16,1.0,1.0
Block_K65-K67,1.0,1.0,1.0,1.0,1.0,0.9694127686400554,1.0,1.0,1.0,1.0,1.0,1.0,1.0,1.0,1.0,1.0,1.0,1.0,1.0,0.4618037788930579,1.0,1.0,0.8526220528257367,1.0,1.0,1.0,1.0,1.0,1.0,1.0,1.0,1.0,1.0,1.0,1.0,1.0,1.0,1.0,1.0,1.0,1.0,1.0,1.0,1.0,1.0,1.0,1.0,1.0,1.0,1.0,1.0,1.0,1.0,1.0,1.0,1.0,1.0,1.0,1.0,1.0,1.0,1.0,0.8154711929637459,1.0,1.0,1.0,1.0,1.0,1.0,1.0,1.0,1.0,1.0,1.0,1.0,1.0,1.0,1.0,1.0,1.0,1.0,1.0,1.0,1.0,1.0,1.0,1.0,1.0,1.0,1.0,1.0,1.0,1.0,1.0,1.0,1.0,1.0,1.0,1.0,1.0,1.0,7.771561172376096e-16,1.0
Block_N20-N23,1.0,1.0,1.0,1.0,1.0,1.0,0.9976819410308989,1.0,1.0,1.0,0.6666666666666667,1.0,1.0,0.9939756098319176,1.0,1.0,1.0,1.0,1.0,1.0,0.9946760286250005,1.0,0.9986502473903561,1.0,1.0,1.0,1.0,1.0,1.0,1.0,1.0,1.0,0.9581008242796133,1.0,1.0,1.0,1.0,1.0,1.0,1.0,1.0,1.0,1.0,1.0,1.0,1.0,1.0,1.0,1.0,1.0,0.9858550351003332,1.0,1.0,1.0,1.0,1.0,1.0,1.0,0.9297281256237118,1.0,1.0,1.0,0.9004650241530326,1.0,1.0,1.0,1.0,1.0,1.0,1.0,1.0,1.0,1.0,1.0,1.0,0.9478359469042699,1.0,1.0,1.0,1.0,1.0,0.9868663135353968,1.0,1.0,1.0,1.0,1.0,1.0,1.0,1.0,0.9901885311465222,1.0,1.0,1.0,1.0,0.9668361471771084,0.8310351380675263,0.9903990733506487,1.0,1.0,1.0,1.0,-2.220446049250313e-16
